MDVP:Fo(Hz),MDVP:Fhi(Hz),MDVP:Flo(Hz),MDVP:Jitter(%),MDVP:Jitter(Abs),MDVP:RAP,MDVP:PPQ,Jitter:DDP,MDVP:Shimmer,MDVP:Shimmer(dB),Shimmer:APQ3,Shimmer:APQ5,MDVP:APQ,Shimmer:DDA,NHR,HNR,RPDE,DFA,spread1,spread2,D2
1.418871791319806,5.482890553186542,-0.2918077059253574,0.002377172285751219,9.999950000333332e-06,0.0013590760376310078,0.001399020913707341,0.0040716993700536915,0.017299497078061183,0.1432341680859078,0.009375908478478204,0.01153323581367303,0.012264482819982046,0.027877778461970246,0.004191204618468071,0.30661503851452576,-1.8167489431885115,-0.6601784238984008,-1.1431461731829808,-2.441250223397954,-0.49209001396936064
-0.20679697806085764,5.083061376475503,0.02676749047102691,0.0018283275900293158,9.999950000333332e-06,0.0007597113462419786,0.0009995003330835331,0.0022873819461337584,0.010247316451549523,0.08984070399978947,0.004679036216731294,0.0058031292269501876,0.008672286779883525,0.013962075016054629,0.0024270523242689505,1.1942683411765644,-2.2475013763859466,-0.4759836935734368,-0.9511871585005346,-0.7449338239222542,-0.6399338987904964
-0.77220078544103,4.9398694232029285,-0.31304605235178284,0.006031772231718873,4.9998750041665106e-05,0.003204858948911363,0.0031749544936437077,0.009574022434273188,0.031837756848751314,0.29192306670903545,0.013508350024792243,0.016365354086264272,0.030577700464138168,0.03998004017615051,0.026281593393888837,-0.8186958288685257,1.7871976143563049,-0.7734147624542542,0.5767482891906739,0.35016550156197895,-0.5354587410403326
-1.4779525942542746,4.636135765244972,-0.7656831455974623,0.006061591378595291,5.999820007199676e-05,0.003304534008300547,0.0033145009678297904,0.009890923147971247,0.03151804671654546,0.23348984336835407,0.017869387242245995,0.0186843552041277,0.024253491800704484,0.052668348567083766,0.010564003903476787,-0.3075252061030219,1.684177924109134,1.2023555732595586,0.9397541986797199,0.5375237985251377,-0.772762106384839
-1.098653012507387,5.009474620775504,-0.420312097727271,0.004987541511039074,3.9999200021332696e-05,0.0026963615477426086,0.002885831978457163,0.008067371077758796,0.039211097722437804,0.30010459245033805,0.02384347168445004,0.02206477259741256,0.026680878581330975,0.06988047744820514,0.009009294157587444,0.03608993824699085,0.08164482637573874,1.3997478788652515,0.31389284998665445,1.6602896420404714,-0.8001215331020544
-0.021061404470891214,5.295042008414116,-1.0266999439938251,0.005007441810539238,2.99995500089998e-05,0.002796087302001274,0.002526804937870141,0.008374832982179899,0.01775150557565566,0.15529288440603534,0.007898722793355357,0.010514528099608572,0.017830094897372025,0.023521195041345824,0.011632084229707653,0.5665673651097527,-0.5551057423194422,0.13940800573600184,-0.5004683657402202,0.05219012143950218,-0.939178672231811
-1.0872898554074286,4.900403674592707,-0.4030611062233162,0.004499860424892195,3.9999200021332696e-05,0.002187605445412413,0.002826003089062933,0.006558446297246264,0.04527034679448129,0.35837350057431383,0.02357003151243213,0.02735502787466092,0.035328314375660246,0.06909686607932639,0.022524410078672175,-0.9653356028453198,1.7145548641019441,-0.1586896073509153,1.6371683764180436,1.1569035313214393,0.41777374497448333
0.988958452566616,5.474344152779243,-0.37076972931232083,0.0028160312594814178,9.999950000333332e-06,0.001468920607674999,0.0015188459692698005,0.004410260488547761,0.01843895281660334,0.15700374880966475,0.009702775461385196,0.012501529222925193,0.01372537461847633,0.028830381667877016,0.008672286779883525,0.5380668447757043,-1.4418422353817961,-0.7161110048500563,-0.8838720694826566,-1.6975977334252128,0.46032697743425016
-0.8065938525412856,4.906984427266771,-0.30065013031301313,0.0044699946714516796,3.9999200021332696e-05,0.0013091426986281875,0.0016885735568997599,0.003922297723369651,0.02012610438358962,0.1697427745870945,0.01136517107869614,0.009544307842920919,0.016011134938983755,0.033715200980135654,0.004728801573086399,0.4176291620737607,0.2668967285857952,0.8357372157858324,-0.5510692928172876,1.0575416628901344,0.37978783898907625
1.5756790222163666,5.503960678036708,-0.5203885083202725,0.0027661706199585256,9.999950000333332e-06,0.0015388154160169418,0.0015288307424907214,0.004609360556899492,0.024185166788355,0.19638881400539013,0.014001519635813609,0.014159282557910135,0.016080020711638738,0.04143940388386245,0.006180859075081115,0.198818715638167,-0.12055876943519325,-1.6805433387124227,-0.6713011950022981,-0.4082571613835409,-0.1675593410645776
0.3612524498654891,5.3094996115506055,0.9943725049473329,0.0028359748192080545,1.9999800002666627e-05,0.0015288307424907214,0.001658623722869518,0.004579498073632706,0.014336736100052736,0.1231021971339834,0.0072337730618787606,0.008811068278549937,0.0118297517535772,0.021536417530524612,0.002307336051691639,0.8102008453846777,-0.801554908228524,0.9471072305646167,-0.3264965399536127,0.08192642324539522,-0.07236913219830299
0.7739258842399259,5.349542658623482,1.338049443472226,0.002407100607423054,9.999950000333332e-06,0.001339103001229485,0.0013790486751183149,0.004011941389855639,0.010098834677414468,0.08525984395082342,0.0050273417140253625,0.0063895433216684915,0.007591114445813075,0.015016683110093144,0.0016686071005457702,1.7760007360594292,-0.5071171887802235,0.48711555187673666,-1.492044594972467,-0.39540980529030306,-0.5352026812989304
-1.0804589498988662,4.765953109499066,-0.6283156695378282,0.0034839240825308756,2.99995500089998e-05,0.0017085396146023298,0.0020279423342370955,0.005126835291796996,0.014612712367845452,0.12486898204586927,0.007452163525039661,0.009009294157587444,0.011414604815254054,0.022201707983686515,0.004768612075102087,0.7663008503540074,-1.0452200368673892,0.9564578935701544,0.1552049252017987,-0.16478200491683992,-1.2325869535239906
-0.5771187982822058,5.08057172029542,0.08161944549258332,0.0029257159162036227,1.9999800002666627e-05,0.001179304347193096,0.0015288307424907214,0.0035437136233650137,0.012511404937062853,0.10616019582839063,0.006538576839582457,0.007144417760319627,0.011335509663745602,0.01948885258384694,0.0057931870407627855,0.5723134377577459,-0.21674210149660977,-1.3260560857896684,-0.41656509140729053,-0.6465517347926257,-0.7072887438115149
0.6395196863285879,5.346631226826587,-0.9716000705314934,0.007630811162899785,3.9999200021332696e-05,0.004489905272852052,0.003882453514222125,0.013419553659465117,0.029985895490256636,0.24294617861038947,0.01755500524588533,0.01798725501438689,0.020625817793656225,0.05175718677283807,0.00942544064715527,-0.29396447465375697,0.16429979955373153,0.45824466569263217,0.24841057879465628,0.8949595350181295,0.8721322732863098
0.44489309287033424,5.28592590856705,0.8191974666694511,0.0025766775134498984,9.999950000333332e-06,0.001339103001229485,0.001468920607674999,0.004021901301212509,0.014524014016098336,0.1239859797809912,0.007392607219498211,0.00896965212513525,0.012264482819982046,0.022015862557638946,0.002566703197313866,0.7446956171975515,-1.8062933365514748,0.8136841246240968,-0.887279121534175,-1.7414673516577945,0.18406356578378466
-0.9646371520536814,4.8379709558953365,-0.8373522348516164,0.0034540279715144233,2.99995500089998e-05,0.0016885735568997599,0.0016985566355814774,0.005067140333018538,0.011938452239377765,0.10074990310014305,0.006310049696021733,0.0069855441737121295,0.009108392363991007,0.01880212696259618,0.008989473337797687,0.04045695345946555,-0.10979382532368834,0.09200719062239054,0.6357782838814368,0.6038426100073906,0.6148785141769001
-0.8218386988032521,4.956305816217499,-0.2268324145721388,0.009722947215511292,8.197636917547566e-05,0.00518788786386955,0.005502040256826338,0.015540345120880466,0.04527034679448129,0.39078820026102257,0.025152018692086164,0.02735502787466092,0.035328314375660246,0.07411194448180432,0.03820859167845396,-2.4566966271156416,1.955827782938252,-1.1356148840475635,2.279717365657022,0.6720842383691846,1.9362107947476999
0.16267911100228777,5.343830739324338,-1.0706848073613933,0.004539680042031837,2.99995500089998e-05,0.002496880198587199,0.0023372664634864555,0.007472014838700995,0.019469238394942058,0.1705863005755337,0.008850716597961992,0.011622199827788022,0.01854693728657815,0.026310814789796997,0.01089048283117277,0.6194312334712931,-0.649587718271282,0.08454189551410102,-0.07220561691579541,0.25319184517851134,0.8191195570418743
-0.9651792874115036,4.8561856807039225,-0.3741372881328535,0.004390348301292895,3.9999200021332696e-05,0.0021377134615471094,0.001918159155903824,0.0063895433216684915,0.01027701016093937,0.09349034308733889,0.005365579498410187,0.005683816468297671,0.008077290679387675,0.016011134938983755,0.017093077426177446,0.8341045076003305,-0.24828421264325176,-0.31784131964679124,-0.7413318854190365,-0.6449840879099428,0.09216316794291686
-1.0188506878359247,6.320727409926764,-0.849066381178254,0.0049477397239335785,3.9999200021332696e-05,0.002536779651969981,0.002626547601879901,0.007591114445813075,0.01646372603066508,0.1432341680859078,0.008166562666393417,0.00967306469568706,0.014799938611599256,0.024302292522964862,0.013873318932506474,0.17123756692779787,0.8744355284419989,-0.929786033204698,-0.30666327253444575,-0.6404648558809581,-0.37146360970444664
-0.8185858866563177,4.95270246282546,-0.6429221976735119,0.009722947215511292,8.197636917547566e-05,0.00518788786386955,0.005502040256826338,0.015540345120880466,0.04527034679448129,0.35206433138104914,0.02510228476082838,0.025960101669531634,0.035328314375660246,0.0734827767598035,0.03820859167845396,-1.7881732060379925,0.9217229170390887,-0.4872387685963953,0.8981184502703248,-0.04235858117231545,0.4069468711260642
-1.0161183256324997,4.883642478311316,-0.3258138520517156,0.009722947215511292,8.197636917547566e-05,0.00518788786386955,0.005502040256826338,0.015540345120880466,0.04527034679448129,0.39078820026102257,0.025152018692086164,0.02735502787466092,0.03527061408191929,0.07411194448180432,0.013005066334869251,-0.5888529229487848,-0.5333490066151552,2.0722148063367976,1.5762989335526776,1.2929213928767302,0.1304218332180783
1.777570229469441,5.572496178962071,2.159423897631178,0.002347243068348138,9.999950000333332e-06,0.0012691942321446318,0.0014789058793992886,0.003792798238696237,0.015952086213926985,0.13190507087993858,0.00901920442015993,0.009722582148123285,0.011424491269329082,0.02682691870368007,0.004748707022203752,0.31925639834011144,-0.1457079061094854,-1.6153934035964483,-0.9933372325323845,-0.9548270448239806,0.2692034298000227
-1.0923642423566469,4.877256270815316,-0.5506345580948707,0.005007441810539238,3.9999200021332696e-05,0.002566703197313866,0.00311514290014534,0.007690353284006204,0.04527034679448129,0.3893357261782807,0.025152018692086164,0.02735502787466092,0.035328314375660246,0.07411194448180432,0.03623549258209542,-1.486159627659453,1.482159930782882,-0.14968173850851266,1.3757640363919308,1.2063823860561216,1.049183668175651
0.06648261311027494,5.332757439861575,-1.0183946762278495,0.007392607219498211,3.9999200021332696e-05,0.003862530814297173,0.004519770431662255,0.011543121094983505,0.04527034679448129,0.39078820026102257,0.025152018692086164,0.02735502787466092,0.035328314375660246,0.07411194448180432,0.03820859167845396,-2.4566966271156416,1.7713698469126653,0.3178133235280043,1.5139689195826567,2.248928799246662,2.4001329456565434
1.2972599878530775,5.579246690427107,-0.8199359643871447,0.003513819299796594,1.9999800002666627e-05,0.0016885735568997599,0.0018782350117723604,0.005047241221513209,0.025043770439431526,0.20294084399669032,0.013695783128986547,0.01467184023186859,0.018910072224639987,0.04053715395703334,0.014819644598278647,-0.654358151135911,0.8788178093303032,-2.707973622111079,0.6161941281357618,1.7101236667720108,1.517310974103963
0.31089891783094137,5.26745085963333,0.8406010920563938,0.004101577021074991,1.9999800002666627e-05,0.0023272897590911356,0.002407100607423054,0.006975613736425242,0.021037159065799664,0.17311261770864478,0.011473922073627763,0.013380086077145418,0.015991452418045837,0.034043874880586855,0.005842896983258618,0.0006941307353507835,-1.2525277010070524,1.1875392477640239,-0.04006073910862896,0.1522623298645232,0.5056690344688535
-1.024705749700407,5.18341704687048,-0.626869478633305,0.0031350804954726284,2.99995500089998e-05,0.001339103001229485,0.001918159155903824,0.004021901301212509,0.015518955657670471,0.12751332029895962,0.00664785397146452,0.009851316050374183,0.01676861757523721,0.019812431169690215,0.007342974255258499,0.22662970725445616,1.2053338248809906,-1.1835108462857038,0.48759093709022333,-0.8779756058487014,-0.6589129354929069
0.0952157870748643,5.268996685953282,-0.9969910508409069,0.004410260488547761,2.99995500089998e-05,0.0021975835434872217,0.0024669545637874377,0.006588249743520308,0.04259003062288517,0.3199072197465178,0.02203542686061237,0.025082780367463153,0.035328314375660246,0.0647103813687556,0.012718772407774689,-0.17122836289261562,1.4171784386461928,-0.6978286494828129,1.6825957371049556,0.6953907385078228,1.7294536865976433
-0.5506842782347834,5.289468329048665,-0.9547209566887017,0.005425256645064594,3.9999200021332696e-05,0.002935686652093868,0.003264665176751046,0.008791243529332365,0.027527614562235358,0.2199384203652614,0.014730964599994132,0.017889032835740004,0.02233862462122779,0.04354787592748535,0.017780977295087024,-1.1572544292883036,1.4599598113651906,0.4145574540129951,0.5370656520768674,-1.450558629748662,-1.3195498515686899
0.4332913962129342,5.383641487588232,0.7027377791152088,0.009722947215511292,7.999680017065643e-05,0.00518788786386955,0.005502040256826338,0.015540345120880466,0.04527034679448129,0.39078820026102257,0.025152018692086164,0.02735502787466092,0.035328314375660246,0.07411194448180432,0.03820859167845396,-2.033185743748436,-0.03707889632528468,0.999764222846309,1.7340766061769801,1.8386952056345578,2.3573205222900597
0.8398061729225077,5.359431280406301,1.4411008753545322,0.0017983819413793735,8.999959500242998e-06,0.0009295678179321261,0.001069427958020248,0.002776142946751757,0.009494781561789718,0.08157998699242287,0.004679036216731294,0.00604171204614262,0.007164275184018129,0.013971936316858898,0.000719740924348854,2.1768467639834563,-1.166047254394799,0.4886009932503255,-1.5044973370690229,-0.33146695861461656,-2.0896439573197454
-1.5534395214774706,4.761070762424246,-0.8477441494941184,0.005385472276337817,5.999820007199676e-05,0.002806059330461526,0.003354367812573644,0.008404582343810373,0.02714813191901206,0.22234323114344062,0.014139563553719207,0.016276811061675087,0.021898468701115944,0.04183268360193319,0.011345396899818274,-0.41348278573202213,1.0493761815031037,1.448177076468268,1.0865482250461946,1.934591104786181,0.9660032178327511
-0.15830839165721877,5.278660428638643,-0.9814548285523155,0.00691602904172952,3.9999200021332696e-05,0.004021901301212509,0.003942219232623851,0.012017499717310334,0.023159731010407855,0.20212418409013436,0.012807631018973064,0.014100124378781637,0.017053754565827518,0.03794104857786128,0.019998686506689126,-0.9232743510620073,1.4130848727340581,0.22746801742155034,0.15455136225613667,-0.7623371537682896,-1.0177945793584096
-0.963682993823914,4.863232904365103,-0.7952474196599283,0.006896166687841307,5.999820007199676e-05,0.003922297723369651,0.002995508979798479,0.011721039450696486,0.026466647815026157,0.211880359035499,0.014730964599994132,0.013952213618004148,0.019979082315312383,0.04354787592748535,0.03820859167845396,-0.31924719430492837,1.7535313858849797,-1.0882521571743038,1.7696692653206842,-0.3663593489955838,0.4334379213289587
-0.9383761153207627,4.929020239822316,-0.25835937629074357,0.0033244678280197415,2.99995500089998e-05,0.001548799989850452,0.0020179625433136327,0.004649175814111313,0.015952086213926985,0.1310282624064041,0.0077598146114400985,0.009326373856243872,0.013419553659465117,0.02310110290798731,0.006051651761767437,0.38453178362131757,1.1798134832373364,0.907171710559297,0.44805700922637254,0.6378042100517652,-1.2263441056982822
-0.3620211737125767,5.345682706613719,-0.941849857638446,0.0049477397239335785,2.99995500089998e-05,0.002496880198587199,0.0027462256680251982,0.00746208923112966,0.019008194170673145,0.1806534996932576,0.008791243529332365,0.011375058021505203,0.018095288269091972,0.02615495747685121,0.01319259378598312,0.4380851807006173,-1.2667056685868603,0.19377896883337162,-0.15565329157211147,-0.1163809074140026,0.052351444670989025
-1.04561048909804,4.918066686080598,-0.40335034440422074,0.006170920643663665,4.9998750041665106e-05,0.003513819299796594,0.0032845997912162627,0.010514528099608572,0.032205781336218146,0.28141245943818555,0.01630632627430974,0.017073416189288402,0.02888867484370574,0.04815186526192539,0.027712438566535786,-0.8791445131254171,0.9917569212587652,-0.6113873880120723,0.7808181094140472,0.25625365549625156,0.4105484070540467
-1.0306041823935153,4.961311987831831,-0.34440773510987044,0.009722947215511292,8.197636917547566e-05,0.00518788786386955,0.005502040256826338,0.015540345120880466,0.04527034679448129,0.39078820026102257,0.025152018692086164,0.02735502787466092,0.035328314375660246,0.07411194448180432,0.017515700546020786,-0.8191555146803648,-0.6626417596938541,2.037859213542521,2.2349691421179942,0.35404787704487367,0.1023693752442425
0.7556017091455276,5.376217781149539,1.3589778918476825,0.0021177559710013082,9.999950000333332e-06,0.0011293620305584163,0.0013490895692955193,0.003384266903145199,0.012550906818345087,0.10526051065749295,0.006379606964039027,0.008216154771340474,0.009465064615699023,0.019008194170673145,0.0011892925112188088,1.7380766565826713,-0.16161816354631667,0.42327966105278275,-0.9098469342057,-0.37260544204377394,-2.17963782339039
0.8514946112371596,5.448924633037599,-0.8489837416979954,0.0036931718376175702,1.9999800002666627e-05,0.001888216197237841,0.0021077770763633843,0.00566392962443857,0.0197732150989394,0.16551443847757338,0.011108076248841381,0.011701272307641028,0.014947724047120971,0.0329511001396859,0.019900661706336167,-1.0402643901751556,0.5617778317475008,-1.59676825406607,0.19766567843100835,0.09489625175134245,0.48803431140880593
0.1480848271697078,5.597666117866866,-0.987177612560214,0.005693759741921728,2.99995500089998e-05,0.002317312955160192,0.002686388425307488,0.006935891001112466,0.032205781336218146,0.24764102291459722,0.016984935839241735,0.019449623821313225,0.027848602819739353,0.050113098229959775,0.02454626041800012,-1.0740512973453578,2.0159629879749357,-0.598361209812912,1.2413090890010263,2.353238553151435,1.8603280470347634
-0.834958374462555,4.976361259264232,-0.2301173339124129,0.009722947215511292,8.197636917547566e-05,0.00518788786386955,0.005502040256826338,0.015540345120880466,0.038123958091109904,0.29416103854949005,0.021125281614948293,0.021507056284431218,0.030412806408195246,0.06209178030698486,0.03820859167845396,-1.810008282100368,1.5255909121982645,-0.03793084132624588,1.9770912004204333,0.7312874026730093,1.0476890585981185
-1.027654966046961,4.888324523701495,-0.36176202596414825,0.0038027603329277688,2.99995500089998e-05,0.0018083639239010049,0.002317312955160192,0.005405364658550705,0.029811197571629186,0.23665190133900202,0.015026534016622899,0.017957789373777178,0.027323295648890352,0.04442828403434559,0.01810510889535339,-1.0140622989003056,1.4764784325018103,-0.38902824085799037,0.2282751569122055,0.3363751078908772,0.4181745341349394
-1.630878135988827,4.7295094602436984,-0.8936090610375667,0.005037291517268085,5.999820007199676e-05,0.002536779651969981,0.003294566949430031,0.007601038772819731,0.021203606251023542,0.1798184265758361,0.010732203329027062,0.013330749408643287,0.018743242817135325,0.031857129935659596,0.0115925460358072,-0.4815162858842661,1.3354824116390525,1.1365390939374869,0.8123018467341524,2.2706064162962623,0.311483902970034
1.272863896751068,5.448223336039708,1.6149743418183433,0.002656468461209213,9.999950000333332e-06,0.0015188459692698005,0.0014389641942542826,0.004559589256016727,0.016296487966892072,0.13540463700620295,0.008632631385257583,0.011019066482433252,0.011928570865273802,0.025687239735976194,0.003394233068015547,0.6074794023634668,-1.203868916273152,-0.42045103914543847,-0.8136026865118497,-1.3437994275896965,-0.046515448090854145
-0.3269558587686219,5.08807770083885,0.3031345723253993,0.003962140345019425,2.99995500089998e-05,0.0020179625433136327,0.002347243068348138,0.006031772231718873,0.01814439043598046,0.1510028735365274,0.009455158770755135,0.010969613188586537,0.015469724403691256,0.028091707166183703,0.006369670507677377,-0.07975088633655884,-0.7529476797403684,0.997307531343835,0.3820083168148002,0.129813136614852,1.0681738379102954
0.9659502279806318,5.540447526030852,-0.7339082654380822,0.007541491333342033,3.9999200021332696e-05,0.004270866850645944,0.004270866850645944,0.01276813927767833,0.04527034679448129,0.39078820026102257,0.025152018692086164,0.02735502787466092,0.035328314375660246,0.07411194448180432,0.03820859167845396,-1.7387569812652484,1.2860605944681291,-0.962332434582423,0.6602149077004866,1.0203467911502262,1.0290634956691653
-0.9443396042568093,5.064504601045942,-1.08109738187396,0.007809426891481828,6.999755011432733e-05,0.0036931718376175702,0.005502040256826338,0.011028956847733975,0.04281041629870831,0.3548733219921042,0.02158535102502202,0.02735502787466092,0.029277209199886804,0.0633972451297916,0.021869118083527928,-0.5010529328874435,-0.6891726037541054,1.8817164722341702,1.2259778283655318,0.7455799332362202,0.016817589035314426
-1.0091356222237466,4.9799423823288835,-0.566129460643333,0.0035237841736164618,2.99995500089998e-05,0.0017584530148632579,0.00217762724777417,0.005266109672499837,0.016434215463420655,0.13540463700620295,0.008771418387086321,0.010564003903476787,0.013093899511157886,0.026086762263154564,0.005882663158155495,0.513013968030453,-0.9706800167696215,0.7618650736300706,0.08979369346041584,0.290178513816813,-1.1757973560938724
0.5438870092087106,5.381288091085652,0.7986408959551579,0.009722947215511292,8.197636917547566e-05,0.00518788786386955,0.005502040256826338,0.015540345120880466,0.04527034679448129,0.39078820026102257,0.025152018692086164,0.02735502787466092,0.035328314375660246,0.07411194448180432,0.03820859167845396,-2.4566966271156416,0.7346768574771141,0.9057243574260577,2.585868034836813,1.5891086757736472,2.4001329456565434
-0.4512783390244619,5.0962501408357435,-1.2778000047591722,0.00827566205108192,5.999820007199676e-05,0.004679036216731294,0.004181246393222892,0.013971936316858898,0.034256488678090335,0.31115442863692305,0.018507671555739687,0.018880633763288107,0.029063533985398605,0.05453553264801409,0.025658000112385528,-0.6778021275397246,0.07965475528999118,0.2649087576840486,0.3660812719868097,-0.5728600840652545,-0.04863072421548143
0.927870640447184,5.42651267255173,-0.729404413763996,0.004937789029623801,1.9999800002666627e-05,0.003015448960457358,0.0024569791531745154,0.009009294157587444,0.020831509579933065,0.18979357163265562,0.011009176019312237,0.012758266098662704,0.015912718460049095,0.032660782239548374,0.010425465483582754,-0.31005347806813893,-1.5478418766330138,-0.02581878089544859,-0.5894893220954885,-0.29275342895710943,1.788840063796547
1.4282398903029778,5.534262625219449,1.9385285669003,0.0020479016173003107,8.999959500242998e-06,0.0011393506934261445,0.0011293620305584163,0.0034141650997878657,0.01446487741052226,0.12133228516752496,0.007660582666611017,0.00952449762480977,0.010108734148287831,0.02281768528044576,0.002995508979798479,0.7359615867726013,-2.1114341326163872,-0.8158641063225701,-1.3155608142120967,-1.821907232325465,-0.813734448267252
1.7326597364274305,5.529079820175482,2.1715512413591074,0.002097798082146129,8.999959500242998e-06,0.0010894063813237454,0.0013690624062379423,0.003264665176751046,0.014090264342003618,0.11867152971749864,0.007739969010216958,0.008939919569471235,0.01027701016093937,0.023032699110572687,0.004529725286396119,0.4953160642746325,-0.44672420251481654,-1.5462251591237166,-0.9003162815111277,-1.396144136781783,0.09829468544627577
-0.398257501029428,5.293852413463876,-0.9645757147095237,0.007303266110120011,4.9998750041665106e-05,0.004131453779448929,0.004211120771464617,0.012343504531238324,0.023345363994991142,0.20945022418220727,0.012274360875388138,0.014839350196639779,0.01925345692188666,0.03638978678286827,0.018566569573838405,-1.0011910961688,1.607503475437533,0.36315737366280093,0.4859892342770138,-0.9510548945125247,-1.4735753525382418
-0.17741324166688135,5.431024044188627,-0.9765997590871304,0.003095204907302419,1.9999800002666627e-05,0.0015887372882972073,0.0017584530148632579,0.004748707022203752,0.0170340925557796,0.14928170271575444,0.007660582666611017,0.010069135676783657,0.016473562692888934,0.022807910825982426,0.006747186457242318,0.6336814936383166,-0.11488758240327017,-0.76593042322579,-0.960042462817922,0.908553972828896,-0.14934291707025665
0.49060594624192194,5.291916927367009,1.0383367084448367,0.0029755686015288424,1.9999800002666627e-05,0.001648640245524441,0.0017484705341168846,0.0049477397239335785,0.014839350196639779,0.126632650933366,0.007710199869897917,0.009366001750323696,0.01225460466699901,0.022944744495097542,0.002307336051691639,0.8295076494819358,-1.5996868373539406,0.9359473761425299,-0.5115031604024908,-0.055230431748095235,0.21896840509818966
-0.2975504369603325,5.102405883602048,0.3607342900655499,0.003354367812573644,1.9999800002666627e-05,0.0017384879537195948,0.0019780423836276923,0.0051964749068175555,0.02122318645152542,0.1806534996932576,0.011483807941285734,0.013320881782843312,0.016522744552661693,0.03405354012485182,0.0059323686531081955,-0.04711319369595576,-1.5677528987396387,0.7751578695116691,-0.16084390743041527,-1.178277961812661,-0.2404139040096262
0.5021425866563829,5.361109050353282,0.4569266450864037,0.009722947215511292,8.197636917547566e-05,0.00518788786386955,0.005502040256826338,0.015540345120880466,0.04527034679448129,0.39078820026102257,0.025152018692086164,0.02735502787466092,0.035328314375660246,0.07411194448180432,0.03820859167845396,-2.45563700482892,0.27021695081175795,0.8807765599978413,1.5373465819911984,1.6491079107600841,1.8464562888701044
0.7638638519987415,5.98635401053336,-1.0830187497899693,0.007372754329413085,3.9999200021332696e-05,0.0036931718376175702,0.0038924147153438387,0.011028956847733975,0.022700385520775773,0.21591750622247016,0.012570657173852126,0.0131235088163777,0.015755231944506464,0.037237979604803954,0.03820859167845396,-0.9637267025038821,-0.31345130726462306,-1.3810935930931378,-0.6035683940148008,0.022649775493944695,-0.4363914536982608
-1.282458584223505,5.3327284550544425,-1.0197169079119848,0.006310049696021733,5.999820007199676e-05,0.0031550176933001343,0.003742986278834377,0.009435346786485202,0.0369778151215697,0.3228078744271551,0.017171718508319264,0.022201707983686515,0.035328314375660246,0.05066459679863144,0.02846111262203124,-0.2636252110723517,0.42406078811410985,0.40890135032125474,0.5072366603597653,0.3827064216189221,1.5334900531993019
0.22504636256618069,5.266491245881585,-0.8500580549413552,0.004748707022203752,2.99995500089998e-05,0.002207561542000583,0.0025766775134498984,0.006608118214244769,0.041065164951929044,0.31042155942127037,0.021634282125149704,0.024399886823535173,0.035328314375660246,0.06355678939662526,0.018232768261059712,-0.6414869484044052,0.573759503258582,-0.5633771610528878,0.8132433562529757,0.057248232084408955,0.7016827665122528
0.1352036910678469,5.2614407039603766,0.4984323240462176,0.009722947215511292,8.197636917547566e-05,0.00518788786386955,0.005502040256826338,0.015540345120880466,0.04527034679448129,0.39078820026102257,0.025152018692086164,0.02735502787466092,0.035328314375660246,0.07411194448180432,0.03820859167845396,-2.4566966271156416,0.8247971750389481,1.4670117113205625,2.6155930432058483,2.561551879929208,2.4001329456565434
0.7572281152189947,5.394944860131629,0.4414110826678767,0.0037529488693072337,1.9999800002666627e-05,0.001818345806783656,0.0021476920574589617,0.005445148235895226,0.03466226226200125,0.26005390533430683,0.020341697657914562,0.02054744788766,0.0249852526939085,0.05982430164566571,0.01713239874030083,-1.0368167465863591,1.2853284957785531,-1.04250818051585,0.49452912343366906,1.2876918208540304,0.4735112708584057
-1.4731818031054371,4.688729779087022,-0.8217746928228955,0.006995474512386412,6.999755011432733e-05,0.004270866850645944,0.003703134924381194,0.01274839282216645,0.031072219554410526,0.25928259793008296,0.017761329578642234,0.01824258753728094,0.021663639636026324,0.052374209987739846,0.018085467546384907,-0.8168570856211679,0.9740421952208672,1.1858824093088665,0.9238224178883552,0.0594404882719111,-0.17485426043648206
-0.25047140248703254,5.064738304199788,0.11428270006474152,0.0017384879537195948,9.999950000333332e-06,0.0007497188905459459,0.0009595394946998264,0.0022474725404792845,0.010187926387489782,0.08892620919440151,0.004539680042031837,0.005743474627065726,0.009881021520638715,0.013547812545268547,0.002377172285751219,1.5433997152686514,-1.7555001232437415,-0.76958689429924,-0.5984289265609397,-0.5501292042663513,0.004100882965023674
-1.3611766381793224,4.759580832021207,-0.8631770724323867,0.009722947215511292,8.197636917547566e-05,0.00518788786386955,0.005502040256826338,0.015540345120880466,0.030732870035696587,0.30821972366932904,0.017574657016510495,0.017672910077172373,0.021164444699829494,0.051833148640017285,0.02195716735204214,-0.9223549794383289,1.16276898839412,1.4024140556896394,1.1304496583338857,0.7359903433210582,0.2867379555699572
0.28882316606041186,5.330590927098332,-1.0739284069615382,0.007442237720429044,3.9999200021332696e-05,0.004171288068810475,0.004191204618468071,0.012462025391048367,0.04527034679448129,0.3611648492115844,0.025152018692086164,0.02735502787466092,0.03449804040756744,0.07411194448180432,0.03820859167845396,-2.142131281154393,0.7720448243929139,0.249654417424505,0.7752268310542716,1.683608389420381,2.2374650805074103
0.5246520467131707,5.314800765806391,0.9439417621196042,0.0031550176933001343,1.9999800002666627e-05,0.0016785903785551874,0.001818345806783656,0.0050273417140253625,0.016493235727061628,0.1406311297397456,0.008255826684622875,0.009980033382340625,0.013567543221538117,0.02457553256604122,0.0026464949409055363,0.7118280816510284,-0.8746719759437369,0.7969443429909665,0.09539349655426563,0.7506013021573145,0.24254538411360516
1.2973467295103294,5.480584755208258,-0.592140237054685,0.0026365213211297605,9.999950000333332e-06,0.0015388154160169418,0.0015088610963521875,0.004599406494895558,0.018880633763288107,0.1527210870176639,0.010079035441664322,0.012876737813679344,0.013311014059672338,0.029937371351914502,0.0030054790198282724,0.6722951018328337,-0.3468803770055224,-0.5753749567626407,-1.1237893436792752,-1.4602706920765338,0.07281117466063773
-0.7502985169850039,6.175237133981751,-0.8072714640375349,0.0057931870407627855,4.9998750041665106e-05,0.002407100607423054,0.0031350804954726284,0.007203988848502455,0.019881055593149448,0.19967019512856762,0.008454162646557859,0.011108076248841381,0.017191377812577124,0.025160795658499758,0.023228126119207167,0.35166424807479446,0.06327018039230828,-0.6160151092144053,-0.07460959192462356,0.9103175755719142,1.087809723514564
0.31840207118320396,5.315420274447699,0.2834870358939493,0.003204858948911363,1.9999800002666627e-05,0.001628672991819852,0.0019381206302589826,0.0048681313968605274,0.03690071634836573,0.28292075535007044,0.020518057589395337,0.023863000264527607,0.02745951289615042,0.0603328145389499,0.03102374810166313,-1.6753203392313998,1.2073857634616314,-0.08146570004449123,-0.24585066122957155,1.5939585833169478,0.9988317466353513
-1.148702948741554,4.839404012231669,-0.42361767693760954,0.004609360556899492,3.9999200021332696e-05,0.002257450041215208,0.002796087302001274,0.006747186457242318,0.021751706997829717,0.1798184265758361,0.012758266098662704,0.01191868939352732,0.016227617104650847,0.0377966226945663,0.004191204618468071,0.5992050577503557,-0.5375869300153746,1.9018080190179607,0.678502356674261,0.5507263246152337,-1.440332118284893
0.8291369490805623,5.574838638323568,-1.0143453416951846,0.00691602904172952,2.99995500089998e-05,0.0041115360397133765,0.003952179838427977,0.012274360875388138,0.025414303328464397,0.22713557258374723,0.014435307796255726,0.01569616810632421,0.01742725932252621,0.04270502051348401,0.03820859167845396,-0.8837413712438126,0.27695019650602326,-0.6230423895586902,-0.7834374413951678,-0.5598780083180359,0.0582992671424727
-1.1143966232985503,4.8878573044013605,-0.6156305093181538,0.005176578368814511,4.9998750041665106e-05,0.002905774146171454,0.0028359748192080545,0.008692113887505714,0.017407604655033417,0.14410034397375687,0.009623544791151316,0.01027701016093937,0.013537947061144497,0.028606893008996187,0.014248013265201382,-0.4583021523863717,0.7777263226739857,-0.8263383724183868,0.46434682884883965,-0.25362349309638954,-1.178789358506996
1.9281754318725137,5.57020155699581,1.145809352520971,0.0018482908576176176,6.999975500114333e-06,0.0009195770593837002,0.0011293620305584163,0.0027561981937170004,0.011454150045115855,0.09803374027136541,0.0061212270049361295,0.007273483966498386,0.008563230660487873,0.01824258753728094,0.004310695587084546,0.8256003200813004,1.3275427497943595,-1.5477677328578276,-1.1481407201575864,-0.057949319310248534,-0.7425387071252011
-0.12400206621421528,5.158911610730914,-1.2173698848201695,0.0035736070532895662,1.9999800002666627e-05,0.001958081706161636,0.001958081706161636,0.005852838675235257,0.036486208570410066,0.2677344346420849,0.020410285771621347,0.022944744495097542,0.027264911148012598,0.06001266990617089,0.008464078412129412,-0.22845924646663082,0.2140618879465704,-0.08201797952954441,-0.136458432015809,-0.21492221068015338,-0.4217988316963928
-0.2559361268938829,5.253340920900563,0.05234440961102193,0.0031350804954726284,1.9999800002666627e-05,0.0013490895692955193,0.0016186892154563595,0.00405178044009795,0.014583147124743087,0.1239859797809912,0.007253628711308066,0.008820980505777915,0.01222496962256897,0.021604923752384337,0.005683816468297671,0.21559724777030817,-0.8765589345379949,0.5614257087965052,-0.3594247461028993,-0.09412767002466663,0.42963320756268847
1.6885299183006846,5.520796697316613,2.172542915122209,0.002806059330461526,9.999950000333332e-06,0.0015687688384473056,0.001728505273669399,0.004688989486131542,0.017446913603720648,0.1432341680859078,0.010009735029299131,0.010326497717303425,0.012432396492994298,0.029723837166221345,0.006727320749426496,-0.015624715584951163,-0.2466241015302704,-1.5656120734610621,-0.6499524193033345,-0.5797675281420764,-0.10771372628598537
-0.8935089931073781,4.9654217262739575,-0.6720939342047503,0.007243700935874266,5.999820007199676e-05,0.004141412500550048,0.003384266903145199,0.012383013045328248,0.022671058430851924,0.20130685670503531,0.01197797675940702,0.012807631018973064,0.01755500524588533,0.03551192100135956,0.0314114539540931,-0.059754553521541444,1.3410711086777833,-1.7662609236165436,0.6367586282999304,0.3052916095451785,1.1251192977917015
-1.016248438118377,4.933545444664695,-0.32971856749392825,0.009722947215511292,8.197636917547566e-05,0.005007441810539238,0.005502040256826338,0.014937872364207155,0.04527034679448129,0.39078820026102257,0.025152018692086164,0.02735502787466092,0.035328314375660246,0.07411194448180432,0.013439286866506566,-0.5904618232902233,-0.4810297284333773,1.9569407469223017,1.8847787495199813,1.5742895138357849,0.3065881520447464
-0.30034785540669673,5.083687470999031,0.1297982624832685,0.002566703197313866,1.9999800002666627e-05,0.0011593277198464265,0.001339103001229485,0.0034839240825308756,0.013370218938171618,0.11867152971749864,0.006578315360122567,0.008146725135768577,0.010534318714899448,0.01959672374655751,0.005763359889104421,0.9671835501278606,-1.1974656305516536,0.06660233430999478,-0.8430433292322542,0.057248232084408955,-0.8377957141848851
-0.7417110929170962,4.94781618281488,-0.18018242796623518,0.004888034072775962,3.9999200021332696e-05,0.001648640245524441,0.0018283275900293158,0.004937789029623801,0.024673100204884193,0.20538682972495073,0.013863456659153764,0.012116300278577892,0.01928288441010553,0.041026773551598,0.004828324856640714,0.5093364815357366,-0.6314296085199789,1.318562794562592,-0.6909317631890417,0.7870245976971516,-0.19950557706256275
-0.9713379450763666,4.826095278340924,-0.3613281686927913,0.003304534008300547,2.99995500089998e-05,0.0016785903785551874,0.0017085396146023298,0.0050273417140253625,0.010375982824770433,0.09440067542148431,0.004888034072775962,0.0061907974077271295,0.008989473337797687,0.014602857383933635,0.0050273417140253625,0.5530066336604877,0.006970760039034686,0.1260580774938791,-0.3227797558974104,-0.32934818587474024,-0.7252407582902576
-1.044352735067892,4.821160211740506,-0.3861613325104601,0.0033145009678297904,2.99995500089998e-05,0.0015987213636970278,0.0019880225729519666,0.004788516731797177,0.01491816870720778,0.128393214768399,0.008087210182619037,0.009286744391731824,0.011266296273893328,0.024068027333700448,0.0040019813792979446,0.6417259953455076,-0.7798291062716843,0.8527626592215777,0.13315617411610445,-0.09389497244051848,-0.8921527440716817
0.7498117035239841,5.455744102808971,0.9741671520241384,0.009722947215511292,8.197636917547566e-05,0.00518788786386955,0.005502040256826338,0.015540345120880466,0.04527034679448129,0.39078820026102257,0.025152018692086164,0.02735502787466092,0.035328314375660246,0.07411194448180432,0.03820859167845396,-2.4566966271156416,1.0573570883443923,0.7231483773159016,2.6155930432058483,1.8446718593747864,2.4001329456565434
-0.2840621092577107,5.102551843256626,0.35970129656231886,0.003952179838427977,2.99995500089998e-05,0.002057881109444038,0.0023272897590911356,0.006170920643663665,0.0251900498235636,0.21268909341035083,0.0131235088163777,0.015617410895076352,0.021252556033451532,0.03887449938205559,0.0060914096363167015,-0.018382830455988156,-1.3324605044097222,0.81591228668448,-0.14595024981071184,-0.27417436394906197,-0.08676414287800151
-0.8798905529188785,4.875571299064987,-0.2613343975800481,0.004270866850645944,2.99995500089998e-05,0.0012392318349508655,0.001548799989850452,0.0037230608001240914,0.016670275620513264,0.1432341680859078,0.009257021262676763,0.007988010722182751,0.013902905168991422,0.027508157416598008,0.004609360556899492,0.4040684306244957,0.5884427220466883,0.7159877881303977,-0.35494831352144945,0.7270253627107147,-0.670711166403819
-1.462317410534676,4.697421145692198,-0.8845600379492646,0.00691602904172952,6.999755011432733e-05,0.003882453514222125,0.004141412500550048,0.011612315328166022,0.03945145576092738,0.31042155942127037,0.02240707591082792,0.02421444950813611,0.02835419349652783,0.06577837719828701,0.018065825811626263,-0.9556822007966912,0.6515166330908231,1.0281780501462299,1.577871273392966,-0.618579035729751,0.9756973056512723
0.8597133832617476,5.359064333821137,1.4221144547651496,0.001778417677411212,8.999959500242998e-06,0.0009395584766662928,0.0010594385966899815,0.002826003089062933,0.009534402782920937,0.08157998699242287,0.004669082848262488,0.00608147031586796,0.0072337730618787606,0.013932490530156875,0.0006497888414970633,2.260279738832322,-1.4595775839179923,0.48414466912955895,-1.759528964778591,-0.5154327697457192,-2.427314391519745
-1.21887694945809,4.743539855252863,-0.4753913113195381,0.002895803112025565,2.99995500089998e-05,0.0014389641942542826,0.001818345806783656,0.004300738551692181,0.01554849324671614,0.12575120530556033,0.008255826684622875,0.009415534409692772,0.012481777502055872,0.02456577527856706,0.0034340967342822125,0.8455966528963178,1.6064929730209354,0.8909842084112178,-0.05706284762260005,-0.2680140015897686,-0.6421159731085324
0.8061504099088911,5.41602039900425,-0.7776245504948104,0.0061907974077271295,2.99995500089998e-05,0.003703134924381194,0.0033643342754262275,0.011058627356733733,0.022602625209429083,0.18813794211539445,0.011849516357149306,0.01428744660806955,0.01835059321259323,0.03513545676825477,0.007015334893904994,0.005980517571504751,-0.46953268563229644,0.2168413983643419,0.8042033493639873,0.6227645977710253,0.7112933565890119
-0.2512087065736709,5.101907027310981,0.4111443730232137,0.004181246393222892,2.99995500089998e-05,0.002237494940191847,0.002267427442401604,0.006697521447721261,0.04527034679448129,0.39078820026102257,0.025152018692086164,0.02735502787466092,0.035328314375660246,0.07411194448180432,0.016444052415932844,-0.8157078710915686,0.20021388033952803,-0.040311356348022985,-0.2880774578680868,0.01900009759519846,0.1377056195577488
-1.4038101627184787,4.637685777664771,-0.8165064259564184,0.004310695587084546,3.9999200021332696e-05,0.0024669545637874377,0.0025766775134498984,0.007392607219498211,0.02198651538548144,0.18398683611301583,0.012689151115987988,0.013340616937074182,0.015400796576022923,0.037594391408697254,0.008781331007338876,-0.22271317381863762,0.9798164947442799,1.0653140844859403,0.07766204968064214,-1.5603306532602839,-0.6729878714958524
-1.1057875138163302,4.900626956993771,-0.44646749322907514,0.0035437136233650137,2.99995500089998e-05,0.001658623722869518,0.0018981972830802527,0.004977591212778801,0.013488618180554782,0.12133228516752496,0.006618052301575412,0.007829271114333103,0.011335509663745602,0.019724192847729763,0.004340566098420136,0.7407882877969161,-0.7045157424877446,0.7660166918280494,-0.20475670703020465,0.16264799046229786,-0.28385777904818305
-1.0224938374404913,4.86782671543432,-0.379219616168749,0.0034540279715144233,2.99995500089998e-05,0.0016885735568997599,0.0021277347660618876,0.005057190826762703,0.017102907899662283,0.14410034397375687,0.008702027293900934,0.010158230032715146,0.013222200169121486,0.025891893165853597,0.004141412500550048,0.6734443163624322,-1.2413503069295895,0.8906033260077332,0.08569045479286601,-1.1800048228318663,-0.8090390919221918
0.3506916530951082,5.424641599881531,0.3626349981114943,0.00706498412211794,3.9999200021332696e-05,0.0039023758172410136,0.004181246393222892,0.011651852740447539,0.042225808711869546,0.36603103886275734,0.02271016102629168,0.027303834527345305,0.033966549563272885,0.06664879294692952,0.03820859167845396,-2.4566966271156416,1.1273395363183238,0.5532176930014213,1.6366995160439815,2.0811293465932272,2.4001329456565434
-1.470471126316325,4.89086027575908,-0.7348999392011838,0.00549487548196086,5.999820007199676e-05,0.0029257159162036227,0.0033145009678297904,0.00876150566857275,0.020713976597104496,0.17479329037316305,0.010672842056303944,0.012689151115987988,0.017024261405780748,0.03167307045486581,0.010643160098479827,-0.32200530917596537,1.380996265382522,1.0876147492099415,0.5765380124168521,1.496176609009596,0.07545805307448063
-0.5283916723211252,5.1937287751022625,-1.048888644443223,0.0038924147153438387,2.99995500089998e-05,0.001648640245524441,0.002077839794965672,0.0049477397239335785,0.016286649562681155,0.1432341680859078,0.007253628711308066,0.00927683678020919,0.01781044814596174,0.021604923752384337,0.010356189075635765,0.3852213123390768,-0.5305546580957898,-0.9644653760419346,0.4235294549105348,0.6048223893090677,0.6235121806750492
-1.0559110608966664,5.606955812239813,-0.46785045874595294,0.008632631385257583,7.999680017065643e-05,0.0037230608001240914,0.005186526687300061,0.011137744410455924,0.03174088578406257,0.30010459245033805,0.017889032835740004,0.019547692842368784,0.02487796126590298,0.05272526862288078,0.01136517107869614,-0.3569414308757662,0.6842032928929983,1.921918609921928,1.419081998991899,0.1972586942940331,-1.2906206673063565
1.6000317424897508,5.500069749502551,2.1058735144236924,0.0030254188016877195,9.999950000333332e-06,0.001728505273669399,0.0015887372882972073,0.005176578368814511,0.012343504531238324,0.1097508639591192,0.006935891001112466,0.007442237720429044,0.008781331007338876,0.020674795866182948,0.005315845822235795,0.336954302095931,-0.9976336220449799,-1.7095284896175713,-0.8626066467390816,-0.3587048232012335,-1.232976609652211
-0.9386146548782045,4.838707534166316,-0.4659290908299439,0.004061739954671292,2.99995500089998e-05,0.002237494940191847,0.0020479016173003107,0.006687588149816608,0.015046235538566105,0.12927233570413918,0.0071841322134071845,0.008116968101947512,0.013014937077494654,0.02140917923749934,0.010098834677414468,0.6444841102165445,-0.13403557207287245,0.3553492843913742,-0.00502787083577472,0.13972115480305936,0.6466688877235974
0.11360501841220094,5.451814976028414,-1.0685775006148026,0.007154346521458537,3.9999200021332696e-05,0.0028359748192080545,0.003862530814297173,0.008493825118923272,0.032728530622081656,0.2986220124901153,0.014307162696398264,0.018753057082169632,0.033724869401620894,0.04231208378561635,0.028772085093755846,-0.6520597220767131,1.5413155671504148,-2.1150349404870354,2.6155930432058483,2.7340671996974923,1.9818562269107038
-0.9424312877972745,4.9467010348001645,-0.33298282696413767,0.0040418208263316895,2.99995500089998e-05,0.0017983819413793735,0.0021975835434872217,0.005385472276337817,0.016916112376312874,0.1414995622736995,0.009692871970899894,0.009207480750913145,0.013360351701836429,0.028791517662742076,0.004410260488547761,0.5812773110886161,0.14780180091540976,0.8852138399984332,0.2988760573192172,1.512061280938033,-0.25153858647032923
1.7662938140267348,5.6102407302478365,2.3106954662442982,0.004499860424892195,1.9999800002666627e-05,0.0027861151740986786,0.0023671959794785338,0.008335165789917734,0.018792313179137234,0.16636153721522526,0.010781668364676707,0.011147633602064036,0.012471901495320355,0.032012101121015026,0.010435361721527979,-0.38728069445717234,0.4247413305579407,-1.3265893211545468,-1.1339233581077417,-0.42273340056581676,-0.557104138962996
-1.2365722475374141,4.734240392302368,-0.7069884547438872,0.005872721762681731,5.999820007199676e-05,0.002905774146171454,0.0031849227447639725,0.008692113887505714,0.04527034679448129,0.36533731701738503,0.025152018692086164,0.02735502787466092,0.035328314375660246,0.07411194448180432,0.029859727832682988,-1.4142187981065744,1.6105556051856222,0.5253751893067241,0.763473117151772,1.4057429794648213,0.2219325749307265
-1.0622648872903453,4.850294383149999,-0.7479776369520862,0.006488901468124652,5.999820007199676e-05,0.0036533184979024276,0.003394233068015547,0.010910266007560216,0.035926832742077135,0.3140805463063118,0.018468404283043065,0.019214218923804288,0.03044190733506182,0.054412424838562075,0.026710088312068014,-0.9788963342945848,2.0986592061495233,0.05902277448065883,0.5470282246311823,0.4549284033937779,0.3153136660588325
-0.31984304287399146,5.071159518716198,0.24098968317103375,0.0030852357618076426,1.9999800002666627e-05,0.0015188459692698005,0.0018582723419642375,0.004549634698571382,0.015617410895076352,0.13278111123381847,0.008354999582734583,0.009514592368585473,0.013005066334869251,0.024868206928880802,0.0048681313968605274,0.2755862462153604,-0.8148873533781184,0.8766249417998625,-0.1938223147914704,-0.283470020073721,-0.12203637225615695
1.415900889558939,5.462216093687076,1.989723724920419,0.0029556278256325915,9.999950000333332e-06,0.0017484705341168846,0.001548799989850452,0.005246214519953099,0.01630632627430974,0.13540463700620295,0.008781331007338876,0.010692629538743198,0.011721039450696486,0.026125731526153308,0.0035038543266770264,0.632302436202798,-2.3205462653571165,-0.6318979054396969,-1.0781526534112165,-2.2892007230189755,0.5645126763463074
-1.1868909633465663,4.910122269604827,-0.5051621840826503,0.0075811900203131746,6.999755011432733e-05,0.0034839240825308756,0.004848228324820701,0.01040567271388088,0.02682691870368007,0.22713557258374723,0.014721110781392996,0.01596192791024184,0.020459274401370183,0.04353830201448342,0.01030670298863902,-0.5022021474170427,0.5608188855766483,1.9530747905269359,1.3808040486149298,-0.0005709939557971356,-0.8586367505285786
-0.25274837098988717,5.06742512149805,0.13275262390250864,0.0025766775134498984,1.9999800002666627e-05,0.0011493392565214836,0.001219256404729373,0.0034540279715144233,0.014395880283732383,0.128393214768399,0.006310049696021733,0.007849114943399009,0.01259040713929033,0.01880212696259618,0.006568380878031873,0.8320359214470529,-0.9079773106948493,-0.3091000684868289,-0.4666479040912031,0.5335801868358885,0.5670844067925643
-0.8477744543214776,4.9131621100172405,-0.2030942238678946,0.004300738551692181,2.99995500089998e-05,0.001409006883419978,0.0016686071005457702,0.004211120771464617,0.021604923752384337,0.1798184265758361,0.012333627158816854,0.010187926387489782,0.01670961356294726,0.03656333930704684,0.004778564452974052,0.4417626671953336,0.7373990272524377,1.1322922551386385,-0.514431880153198,0.5988089938450257,-1.2669434910008273
0.9970254266910136,5.53740119391274,-0.7817152047676046,0.005624154750221366,2.99995500089998e-05,0.003304534008300547,0.0029157450808968122,0.009890923147971247,0.027138399700990835,0.23348984336835407,0.015912718460049095,0.016434215463420655,0.018615648605813433,0.04699808316058267,0.017938145131012995,-0.9345366534520754,-0.5150052943791713,-0.6328881996887568,-0.08332092295543128,-0.9344843770729148,1.3607694078493284
-1.0118462990128587,4.889574392100986,-0.39609873001154045,0.007849114943399009,6.999755011432733e-05,0.003334434588872381,0.0049178873439503674,0.009980033382340625,0.02610624708447937,0.23507212217948356,0.013843731820650238,0.016119381879883297,0.021144863349107295,0.04097878222842002,0.007829271114333103,-0.14019957059345026,0.6024763321384115,1.8464277175513584,1.54449599230114,0.6984403015842922,-1.3036435317631059
-0.8967184344256868,4.864537656859574,-0.23883579907968094,0.005226318971581391,3.9999200021332696e-05,0.0016885735568997599,0.0020279423342370955,0.005057190826762703,0.016001293726939998,0.13365638481267358,0.008513655765204686,0.007730046061910476,0.014228296010631272,0.025336307813166984,0.008354999582734583,-0.011717386184315693,1.0102656134811325,0.32722111889406413,-0.3145050806897196,0.744477681521834,-0.5997297361322899
0.22463433969423552,5.35823585675928,-1.0877085402946371,0.0044699946714516796,2.99995500089998e-05,0.0023671959794785338,0.002536779651969981,0.00707491367196188,0.04527034679448129,0.39078820026102257,0.025152018692086164,0.02735502787466092,0.035328314375660246,0.07411194448180432,0.03820859167845396,-1.9476841827462925,1.2141602541524925,0.5229565860445996,0.3069726603040322,1.153547787213196,1.9808347712031544
-0.20946428402134382,5.158250377650918,-1.016411328701646,0.004788516731797177,2.99995500089998e-05,0.002317312955160192,0.0026664418820427746,0.006935891001112466,0.04053715395703334,0.31481073984003355,0.020008488458257763,0.02558002360276953,0.035328314375660246,0.058853642793709714,0.018321138276189218,-0.855011008003845,1.5198475464222994,-0.33376220411243235,0.8717950186429282,0.3921245501562909,0.7295932783250938
-1.0032805603592645,4.874555896156756,-0.34963468223621835,0.007491865758295497,5.999820007199676e-05,0.0029855388403659962,0.004679036216731294,0.008939919569471235,0.022671058430851924,0.19967019512856762,0.011819869305299381,0.014484590000954409,0.01929269338040895,0.03505821581506301,0.006786916688974121,-0.09101318872662602,0.5043132402403966,1.9287744931846444,1.4199354195919605,1.03390448723718,-0.7620799619554725
-1.069117478213221,4.831452805269139,-1.0392611449931117,0.0057931870407627855,4.9998750041665106e-05,0.0029855388403659962,0.0031550176933001343,0.008920097374558943,0.03930724787058311,0.3407487933884732,0.0156666348789802,0.01974380203659629,0.035328314375660246,0.04627271233067864,0.020518057589395337,-0.638039304815609,1.7685754983932993,-0.41717545047547305,0.8727166371155798,0.6567506922979413,-0.401564545609501
-1.0234913664988847,6.320727409926764,-0.68341554300016,0.0026664418820427746,1.9999800002666627e-05,0.0011493392565214836,0.0014789058793992886,0.003444062402555095,0.012916225266546328,0.11064652008706366,0.006290175302190091,0.007859036710267334,0.011375058021505203,0.018743242817135325,0.006776984279023751,0.41602026173232215,0.48323704697993997,-1.0015823662614705,-0.23836973348342427,-1.0896201822521754,-0.39888705135701163
-0.9424746586259002,4.849151123168774,-0.44745916699217675,0.0026963615477426086,1.9999800002666627e-05,0.0011593277198464265,0.0013490895692955193,0.0034839240825308756,0.01016812891562629,0.08617769624105233,0.004748707022203752,0.00586278026837564,0.008989473337797687,0.014179001173269604,0.00485817991035715,0.7253888131002934,0.10027725358789354,0.044987257912265946,0.20392851639726856,-0.11792405981414351,-0.5191516320742934
0.2739036010131381,5.228988724410715,0.7486853301389154,0.0036832086515898596,1.9999800002666627e-05,0.0020479016173003107,0.00217762724777417,0.006141104756763053,0.018340774996857497,0.15529288440603534,0.009336280976986987,0.01153323581367303,0.014799938611599256,0.027751344530825017,0.003394233068015547,0.39947157250610105,-1.4454821063313759,1.2787986716388409,0.09561419244751077,-0.11308639951211424,0.6711198097694506
-0.9883393098976783,4.906821729440647,-0.5488991290094429,0.009722947215511292,8.197636917547566e-05,0.00518788786386955,0.005502040256826338,0.015540345120880466,0.04527034679448129,0.36325325929885494,0.025152018692086164,0.021379814255238574,0.02874293553221177,0.07411194448180432,0.03820859167845396,-0.9510853426782965,1.5356237576201939,-1.3271987330001223,2.522261205141063,1.195445599601153,1.862468372481919
-1.0043214602462835,4.827713557230268,-0.42702655549827107,0.004161329645228846,3.9999200021332696e-05,0.0018582723419642375,0.0026963615477426086,0.005564489472412076,0.018910072224639987,0.1578580846155803,0.008602888807267872,0.012155817770012678,0.019302502254497415,0.025589770998996387,0.009504687014246104,-0.030794347375653817,1.2568900706257464,-0.8933927195517819,0.46250359190353646,-0.17181192140637133,-0.7463907362784689
-0.8921211265913525,5.008299234298708,-0.2790399062254243,0.009633448968238083,7.999680017065643e-05,0.004639222148425,0.005502040256826338,0.013843731820650238,0.04527034679448129,0.39078820026102257,0.025152018692086164,0.02735502787466092,0.035328314375660246,0.07411194448180432,0.01910630648973462,-0.9487869136190987,-0.23984961083940928,1.9623873652921262,1.9248535244011846,1.591962282989781,0.5328698154767219
-0.7706611210248143,4.934847963891889,-0.1083687196216288,0.00435052273725808,2.99995500089998e-05,0.0013690624062379423,0.001658623722869518,0.004101577021074991,0.02271016102629168,0.1906203596086497,0.013143247866140488,0.010662948168253207,0.016630936130544678,0.03892259179644834,0.004798468911573436,0.33994225987288806,-0.22534168328683507,0.947012009963745,-0.9140979349305304,0.1816189671910161,-0.8992778847020046
0.8477430345610284,6.320727409926764,1.031601590803772,0.009722947215511292,7.999680017065643e-05,0.00518788786386955,0.005502040256826338,0.015540345120880466,0.04527034679448129,0.39078820026102257,0.025152018692086164,0.02735502787466092,0.035328314375660246,0.07411194448180432,0.03820859167845396,-1.8902234562663571,-0.5567349196849769,1.1280073280994405,1.1507101096494194,0.6941292726569137,1.7111843807002067
-0.9378990362058789,4.860920317530941,-0.5602207378048527,0.00490793635258277,3.9999200021332696e-05,0.002686388425307488,0.002377172285751219,0.008047531579300667,0.014021241362254182,0.11778303565638346,0.0070054047524500465,0.008166562666393417,0.011869280570089579,0.020880477579355235,0.015971769509698662,0.16916898077452094,-0.14910030707949,0.14413094753920652,-0.0264618938754771,-0.024183675126209427,0.6800178857831781
0.6349223784942539,5.418005253489383,0.8567157907067945,0.009722947215511292,8.197636917547566e-05,0.00518788786386955,0.005502040256826338,0.015540345120880466,0.04527034679448129,0.39078820026102257,0.025152018692086164,0.02735502787466092,0.035328314375660246,0.07411194448180432,0.03820859167845396,-2.4566966271156416,1.4873568003539541,0.9873093682523745,2.6155930432058483,2.7340671996974923,2.181577258688317
-0.28800885466265774,5.047346450688554,-1.0738251076112149,0.0024769298748925353,1.9999800002666627e-05,0.0010494491355713784,0.0013590760376310078,0.0031450491440728635,0.01124652013973139,0.10165365372649983,0.005206423027368961,0.006568380878031873,0.010039435794096009,0.01554849324671614,0.004937789029623801,0.8150275464089924,-1.9048173221697036,0.11196542856496405,-0.7303179289956128,-1.4248149285971023,-0.8108871752731818
-0.8029507029367187,4.961136879176463,-0.5692904207632195,0.009722947215511292,8.197636917547566e-05,0.00518788786386955,0.005502040256826338,0.015540345120880466,0.04527034679448129,0.39078820026102257,0.025152018692086164,0.02735502787466092,0.035328314375660246,0.07411194448180432,0.03820859167845396,-2.4566966271156416,1.618093128313506,-0.7907830000531347,2.223071454928914,0.45628784717485454,0.9441741248782124
-0.11537127131768221,6.094826316602859,-1.1440893257009752,0.004748707022203752,2.99995500089998e-05,0.0021377134615471094,0.002067860501998496,0.006399479580567736,0.014474733754311611,0.13802129789737466,0.00604171204614262,0.007442237720429044,0.013034678270455584,0.018016719786798214,0.015420490725876345,0.7224008553233372,-0.31781296565462946,-1.1931852593342018,0.05316196395237619,0.8288366793962122,0.9613329108102203
0.27631068200187014,5.431015286931049,-0.035439378293533094,0.005186526687300061,2.99995500089998e-05,0.0028658894130448873,0.00311514290014534,0.008583059930473947,0.04527034679448129,0.39078820026102257,0.025152018692086164,0.02735502787466092,0.035328314375660246,0.07411194448180432,0.03820859167845396,-2.135465836882721,1.2502805599212687,0.4639198135045473,0.5610106828976583,1.150559460343082,2.341138659936663
-1.143823730521152,4.860595043755982,-0.41339104125562437,0.00492783823629672,3.9999200021332696e-05,0.002596625847265978,0.002826003089062933,0.007769737264360664,0.024126598776234204,0.19556678354397528,0.0142184372375555,0.013162986526280876,0.01814439043598046,0.04205323623099948,0.004778564452974052,0.5114050676890144,-0.4597679326882399,1.893580959102702,0.752069864538975,-0.045849044934539035,-0.19367186817148646
0.2880858619737735,5.37663396997579,-0.8959023066147391,0.0045894523338072864,2.99995500089998e-05,0.002087818988347554,0.002207561542000583,0.006260362970813883,0.011622199827788022,0.11064652008706366,0.0053257927553477255,0.006280237957150483,0.010979504043008077,0.015902876279415477,0.011543121094983505,0.908573609118327,-0.8406964099979429,-1.1482601798432392,1.3226142138267787,0.930954177113483,1.0029314857558451
1.1005299092064724,5.565581147221148,-1.0196136085616618,0.005653986054199593,2.99995500089998e-05,0.0029456572885695298,0.003164986143156422,0.008811068278549937,0.01866472522915529,0.173953307123438,0.010207723467421137,0.011543121094983505,0.013636597522908663,0.0303157972019455,0.03820859167845396,-0.4606005814455694,-0.19402641962147024,-0.9925744974190699,0.3630616217393146,-0.18294466372167462,0.723862549982191
-0.21015821727935616,5.116423718188208,-1.2714780845193996,0.008364916331627708,4.9998750041665106e-05,0.004270866850645944,0.004489905272852052,0.01276813927767833,0.03739211921706267,0.2836740510542421,0.016532580634360267,0.023550497210196784,0.035328314375660246,0.04879016416943201,0.03797955862417436,-1.3048135748887773,1.8406098849478714,-0.23595160289768677,1.9056728727350054,0.697595241936596,1.2366305319143098
-1.062069718561529,4.788882441978151,-0.8404098956211795,0.003264665176751046,2.99995500089998e-05,0.001458935236244062,0.0018383092736399733,0.0043803920589777865,0.01178033853553132,0.10074990310014305,0.005554544913328883,0.0071841322134071845,0.01089048283117277,0.016581759591677923,0.0070054047524500465,0.3590192210642262,0.7597641266565125,-1.0920800253293181,-0.5710247480915135,-0.6847508803167526,-1.061561312331778
-0.5894361136119312,5.179505677008609,-1.2721392003614673,0.009663160910955645,6.999755011432733e-05,0.00518788786386955,0.004768612075102087,0.015540345120880466,0.04527034679448129,0.39078820026102257,0.025152018692086164,0.024360850246257313,0.035328314375660246,0.07411194448180432,0.03305752892199921,-1.0671560101677653,0.6359878918725025,0.31908927957967714,0.8518802926537226,0.2357272791261211,0.9654465662210072
-0.18348515767449264,5.104344192533607,0.3475532929643246,0.0016785903785551874,9.999950000333332e-06,0.0006797689047572423,0.0009195770593837002,0.0020379220255653256,0.010583793539644974,0.0925791812930932,0.005206423027368961,0.006300112548479854,0.00923720535248182,0.01554849324671614,0.0023272897590911356,1.501568306391258,-1.5203830201493571,-0.73408865429451,-0.8276969135139612,-0.2578610385761421,-0.4605612666801837
-0.23190868783519253,5.101724456716511,-1.0637637508897468,0.002935686652093868,1.9999800002666627e-05,0.0012092685399849542,0.0014888910514189227,0.0036333912324207737,0.01811492942517105,0.1466943791508035,0.010583793539644974,0.00967306469568706,0.012383013045328248,0.0314114539540931,0.006071530896628143,0.39280612823442856,-0.07041516482384366,-1.1893002588186632,0.002141430520339517,-0.023901988576977385,-0.4725459758810314
-0.3310760874880723,5.111921521100676,0.30935319321484916,0.004579498073632706,2.99995500089998e-05,0.002496880198587199,0.0025567287816898585,0.007472014838700995,0.04104596943600097,0.32425505268262117,0.023550497210196784,0.024897469654510698,0.03005382532846418,0.06905953593149465,0.018959134401146105,-1.0188889999246196,-0.2802181512575531,0.34331340044127384,0.14709979748291033,-1.4422917418907635,0.13620266020604016
-0.3338735059344359,5.056131149094003,0.15940385628586357,0.003912336819915625,2.99995500089998e-05,0.0020379220255653256,0.002307336051691639,0.0061013488579763344,0.014395880283732383,0.1231021971339834,0.0072238450893195956,0.008721853811869365,0.012550906818345087,0.021516843462249635,0.005385472276337817,0.10803076779986948,-0.8570809848956265,1.1783028494795305,0.3752339948041085,0.4319648260107265,1.529983148045314
-0.5272857161911676,6.320727409926764,-1.2637306332451685,0.009722947215511292,8.197636917547566e-05,0.00518788786386955,0.005502040256826338,0.015540345120880466,0.04527034679448129,0.39078820026102257,0.025152018692086164,0.02735502787466092,0.035328314375660246,0.07411194448180432,0.03820859167845396,-2.4566966271156416,1.183133705463298,-1.4294275700952828,2.6155930432058483,0.7965162096821466,1.1008270214551952
-0.8026683769097858,4.909502746234748,-0.29336170681370294,0.004495291464959774,3.9999200021332696e-05,0.00132968593556581,0.001697029378930559,0.00398376533864911,0.02040179082237533,0.17193576528144394,0.011516497514081358,0.00970010425398797,0.01620938375784984,0.03415908144445384,0.004734823118588823,0.4231775519675215,0.2125470343701304,0.8649486743417087,-0.5595311203102259,1.0411750941210098,0.3447399741730559
1.0006927182780763,5.4843410141196385,-0.43901035925177656,0.003114885753690315,1.2103379745250887e-05,0.0016243355737564581,0.0016921024586131399,0.00487401749290969,0.018462700298152154,0.15879995772973007,0.009755894180575311,0.012400774112650245,0.01371603806696884,0.028986710622361054,0.012342950759346804,0.43303434551841213,-1.310606139859998,-0.7451874028735653,-0.7527287493358099,-1.5382976569015965,0.48804371185568374
1.838128584546877,5.5715741442548135,1.7518494675649714,0.0021466442989951226,8.793661272080639e-06,0.0011286278524936962,0.0013383689771358936,0.003376110497946207,0.014145897244990564,0.11842300789252327,0.00785493698674414,0.008738520618200601,0.010274962252479175,0.023384012174462242,0.004572605676550653,0.5228573000011214,0.44668621384603363,-1.5882011199595338,-1.0555837181865964,-0.5941924923910432,-0.1376181048953277
-0.7734683931622477,4.93269884385787,-0.1233908519227273,0.00435985708753298,3.0780783916578955e-05,0.0013643812625346564,0.0016609636088659907,0.004087571846172919,0.022508519908094927,0.1890048867368609,0.013004448051052386,0.010575598585596353,0.0165825275196864,0.0385167354856057,0.004793026272237881,0.34601160853601537,-0.1868851808082797,0.9383185815459508,-0.8857360445569141,0.2500510978531231,-0.7993498965829283
-1.0424183865247467,4.825378810973735,-0.3855470426628474,0.0033268488466708357,2.99995500089998e-05,0.0016066729347036831,0.002000386841754321,0.004812295286220878,0.01511169436239661,0.12979317108005706,0.008141632134713998,0.009363894974648356,0.011439533474025477,0.024229560011571595,0.004014320772183835,0.644532828933181,-0.8206702720679084,0.8561112745047966,0.1289558138514968,-0.19000755060488494,-0.8847978090383002
1.7066669225386149,5.523460259613823,2.158679532437122,0.0022796636532201797,9.195940579627963e-06,0.001214690996042048,0.00141211872061315,0.003639655506615438,0.013748169661105786,0.11692949049104563,0.0075824344310081076,0.008646576262842766,0.009984058876200724,0.022571028305631662,0.004683840136067774,0.46427987282511096,-0.5546930074880079,-1.578229813276482,-0.8929258393477217,-1.1928238105201139,-0.16261167362356804
0.7730971314788841,5.3507645902836085,1.338995980453352,0.0023940161413945754,9.999950000333332e-06,0.0013296179355029745,0.0013776937253624512,0.003983561879161654,0.010209865167756852,0.0861731094012042,0.005088540502925229,0.006472228083548637,0.007675943995142405,0.015197552740174067,0.0016469339607591406,1.7742855327602673,-0.4914912045476606,0.48422842759958,-1.4657133731659286,-0.39437842576533133,-0.609576024564942
-0.7628194225664672,4.934714467191553,-0.21937422541700294,0.004752052353882128,3.9999200021332696e-05,0.001538204044881805,0.0017828635076262635,0.004607532065471946,0.023196092349610512,0.19392958533020432,0.013051373352950082,0.011280278891981056,0.01821965937560834,0.0386539591069156,0.004795948000884746,0.4795013089617596,-0.3391768041360056,1.161484989318184,-0.6454302594416319,0.8750320039934925,-0.011043858409501242
-1.0819092105197143,4.870485688352949,-0.4230278581293855,0.0034546301113002704,2.99995500089998e-05,0.0016353414625606335,0.0019331112918764427,0.004904106503031613,0.01404449481930905,0.12408263440087466,0.0071893370615496045,0.008396010270899087,0.01130860856009266,0.021414785077294694,0.004208979526720874,0.7022850244564756,-0.7337883366006843,0.799732879326059,-0.07341764423509306,0.06293556695232184,-0.520288217385275
1.7417863108186096,5.551761936549202,2.2093078920586335,0.002750165990927874,1.1984767531899554e-05,0.0015500913414360302,0.0016400034905857857,0.004643084244233779,0.015368348014950637,0.13183863286891995,0.008566246249383236,0.00953946263744665,0.010873068218426516,0.02547723304963002,0.006135664989894996,0.2558242883459784,-0.21025287389120148,-1.486627187147935,-0.9637053355611491,-1.1320100759912655,-0.0795471509829301
1.2171599562744995,5.49737044371009,-0.6644481349241873,0.0033707413735575608,1.3425159699101661e-05,0.001979895938256315,0.0019277338291835615,0.005918025570142361,0.020002640075491206,0.1658649060196377,0.010826449508161784,0.013360164937622907,0.01401717596897188,0.032135591485004666,0.010049600303129947,0.40580441960328084,-0.24004159911875475,-0.5835386000356243,-1.0654998291292195,-1.3060671983146743,0.07032582923212014
0.8291084075969893,5.355677837639895,1.392123982327865,0.0020027477570208276,9.356709552550236e-06,0.0010821156323111893,0.0011734722765518427,0.0032492519177014204,0.009735802295260802,0.08289434248626494,0.004796907617781586,0.006191387275746688,0.007361270441366777,0.014319414727849988,0.001013374755542041,2.087511593545239,-1.1197841694087025,0.48520454143283076,-1.664103026011718,-0.4726141778966231,-1.7522972444225726
1.6119390157845754,5.5046830165215965,2.121182695561425,0.002848080541925986,9.999950000333332e-06,0.001619256508024956,0.0016780231196452658,0.004845564592420128,0.017126614641277665,0.14104076729755655,0.009664786334744473,0.010429370321759206,0.01223260285731513,0.028714312084511133,0.005822786814069914,0.1664003811156812,-0.8292604077547572,-1.3032995414798196,-0.7702486421204543,-1.060006304588151,0.0811378685364293
-0.8167005446329855,4.909258018907665,-0.22422328401622857,0.004553147104246756,3.457244153467348e-05,0.0014264767040646183,0.0016766387520957085,0.004278743884332011,0.020337947712710098,0.17213694411957084,0.011366195620139167,0.009878008765939575,0.016366782934357466,0.0337129596300483,0.00470949973832617,0.4522079226245029,0.030590327231675186,0.9915476987627836,-0.508594861048443,0.7544632478775208,-0.4552270047603365
0.973365873101568,5.542762639543003,-0.8144984265198967,0.005806312189480341,2.99995500089998e-05,0.003418299573541009,0.0030618688855820267,0.010227151329091164,0.02689561261440708,0.23259681306499966,0.015704647586958786,0.01633023967858402,0.018448261230668454,0.04639420112181209,0.0215733296173891,-0.9273783676745018,-0.40339958061166775,-0.6315006865269278,-0.18198430070858032,-0.8816932648855231,1.1772198127174445
1.671024711927522,5.516730786514354,2.1593555063727234,0.0028494531139943843,9.999950000333332e-06,0.0016003672120624205,0.0017008602940097807,0.004785454903294619,0.016439508110329144,0.1366994187364146,0.009402468566739396,0.009756642011541188,0.01171126154284527,0.027940394278405143,0.0064482847653138265,0.054116478635102196,-0.3951760521705407,-1.5940791750958785,-0.6920160675455425,-0.536040657662099,-0.33029412206124037
-0.8514232595424963,4.909617571462905,-0.20575878130606226,0.0043697707285866375,3.074503380340223e-05,0.0014298514552481172,0.0016954002282088116,0.004274220538342721,0.02118825101784174,0.17644957141730475,0.012049348665606535,0.010004898080858911,0.01652484198512753,0.03573069120750893,0.0050456316817298254,0.40795543731994355,0.7577414068944891,1.0722736837236018,-0.4995272085643592,0.6096686882753196,-1.2172022761033814
0.8583481602784351,5.359291182608452,1.4212865410127877,0.0017828681871385602,9.013072445539998e-06,0.0009420476158205679,0.0010632373511731542,0.0028333256548196293,0.009574017326775722,0.08189416772316677,0.004691532002106184,0.006109492074441464,0.007263064367539517,0.013999215528180682,0.0006568652709993464,2.2534320567073776,-1.4425573597487025,0.48334654241983793,-1.7483870304422875,-0.5135598659423847,-2.4240665929792984
1.3250246979989846,5.481110380512799,-0.5237379321396062,0.002577459136573116,9.999950000333332e-06,0.0014978816733896025,0.001483845481193357,0.004479242924050458,0.018520741402562366,0.15056829284509224,0.009918938069529338,0.012570906901015387,0.01307275739328724,0.029468661199262638,0.003275657894483323,0.5890095546481595,-0.6816506314001205,-0.5946893899845882,-1.1281979628485768,-1.6836939115479008,-0.05584802588038008
0.9221775746996287,5.556802825991195,-0.9304465665793411,0.006067080558626584,2.6025347707016986e-05,0.0036008227909133037,0.0034671291356103647,0.010753909506178421,0.02411935489235275,0.21278253177882345,0.013571157685769601,0.015136535601441828,0.01661064466036383,0.0401808332216997,0.035543933985522275,-0.5745325230043565,0.15298527892882308,-0.6135701231636385,-0.8510707016190061,-0.7388001541194885,0.0611830107353056
-0.8962207559288055,4.864777070052688,-0.23917714505666854,0.005222144030498008,3.9999200021332696e-05,0.0016864786905190351,0.002026068616303504,0.005050927349357257,0.016024118195499554,0.1338592766689662,0.008529424514325304,0.0077400736713307775,0.014238149788740356,0.02538277034819709,0.008335011355024615,-0.00934648425821998,1.006160643432699,0.3300292043403385,-0.3158114159763406,0.7462064574941308,-0.5943207253578423
1.704961290133704,5.5305405462170665,2.1701219503743387,0.0027214058707014173,9.999950000333332e-06,0.0015134925206966205,0.0016824492453147955,0.004523668053414919,0.01717122836866719,0.14115314687074992,0.009827017734036565,0.010215079439175571,0.012246475522920625,0.02918987502810837,0.006362484642000919,0.046173766816234196,-0.22800117098154604,-1.5747986490138646,-0.713320162226927,-0.6489804755949753,-0.0381579727110067
-0.933588570144083,4.86550294152393,-0.2799882841019805,0.004707110225750843,3.70678864158857e-05,0.0016885735568997599,0.0020571967845339585,0.005057190826762703,0.01632434958094831,0.13672927184353054,0.008568879171868883,0.008442461428432876,0.01393347126074365,0.025499205561911115,0.007121655840292192,0.18913273519412674,0.35022094193694087,0.4923724755163564,-0.19719069843802908,0.18032976847680038,-0.661087236646086
0.7605674292476713,5.36905901373718,1.3533064323539095,0.002196174563516475,9.999950000333332e-06,0.0011862046756814584,0.0013572083608836753,0.0035544011096088957,0.011887006539771454,0.0998798662259052,0.006013333364378686,0.007721485643031782,0.008957584330094418,0.017928096069860715,0.0013192060243101063,1.7483538102795164,-0.25524592283353165,0.44057872988779284,-1.0676183270567985,-0.3787852610209729,-1.7340076872621037
-1.0199121486576455,6.320727409926764,-0.811177122390596,0.004426398123324994,3.542477946880947e-05,0.0022196006448463096,0.0023641640592112455,0.00664407650565963,0.015653416752527842,0.1358735251634829,0.007737687688699158,0.009258432868175326,0.014017600862392282,0.02303349610935229,0.0122546129506004,0.22722662784771702,0.7849568354001975,-0.946207983573993,-0.29104251502371564,-0.7431999979660077,-0.37773616400631577
1.2422723108659903,5.441887306017611,1.6006940986480136,0.002591479919876505,9.925906086297103e-06,0.0014759643305530554,0.0014108672908535434,0.004431329446801873,0.015797356244907395,0.13151702092340575,0.00833968975360387,0.010654298489365728,0.011581700782743076,0.024821584395792847,0.003191279653686119,0.7298604276632907,-1.2228027755143023,-0.3534705649660626,-0.8836434683522345,-1.2824633069015068,-0.2228008767059361
0.8046777625767743,5.3529662869120544,1.3681838689904264,0.0021817847667386005,9.641487792162929e-06,0.0011958983370239122,0.0012644911608375566,0.0035869848539918435,0.009896541817187353,0.08394229784260325,0.0048989329463356174,0.006279120619898294,0.007463034488426467,0.0146281723738921,0.0013035150119264653,1.9495981616071079,-0.8485415982328495,0.4860505922283505,-1.587928574469225,-0.4384339246858571,-1.2134598839903843
0.8476553163813837,5.563698588504445,-0.9397748407550729,0.006441826287077582,2.7682235652876502e-05,0.0038056961354526637,0.0036705348321334737,0.011366316345597862,0.0246085637955274,0.21925691205989303,0.013888099541513542,0.015326530630194981,0.01699902669803883,0.04110720465104627,0.03820859167845396,-0.7189977904285285,0.07779533390427106,-0.6338261624838062,-0.795074707295421,-0.6917045228693938,0.10488183983702239
1.2135797779608248,5.436523859535333,1.5911716599283126,0.002539042847139727,9.863054785790828e-06,0.001438196320963183,0.0013883840162869064,0.004315629393135896,0.015368086300503776,0.12820516327299245,0.008092320310205155,0.010339145549882328,0.0112776945442552,0.024091540215938657,0.003028526561677817,0.8223204177119017,-1.1986912603343138,-0.2960049302096299,-0.9081837972540054,-1.205214580712106,-0.326212741500195
1.0029398286805202,5.393811491607474,1.5065993358664356,0.0021217111890289224,9.37665791217824e-06,0.0011515907699152486,0.0012086489825311193,0.0034483439749115703,0.012062431378043848,0.10219741949084542,0.006170198568274334,0.007919600417454544,0.008961660110918979,0.01840124128825285,0.0017280670517991939,1.5856631391655132,-1.1802947452708696,0.14615938983562554,-1.2442360280393163,-0.7128144959508123,-1.3199936207612026
-0.963147518781022,4.843804489688785,-0.37219934770955787,0.004197576618415582,3.669034665247272e-05,0.0016534754802694151,0.002316781459507987,0.004955539659704295,0.01816948317075298,0.1530426950194462,0.008819387316556793,0.010778620711908628,0.01751901187285525,0.026224968770727896,0.007887484586165632,0.1131008869465319,1.0357021632629455,-0.3608518883233947,0.19201037098637372,0.12561156057189207,-0.7213485160852497
-0.8043100274048278,4.908778680423328,-0.28842904105879935,0.004462401657165355,3.9363641738828557e-05,0.0013129512032424408,0.0016866700215511343,0.003933693376319165,0.020290541623833824,0.17108276985823356,0.011478276840540994,0.009615444028223659,0.01605053991444292,0.034046982355287116,0.0047332296586304855,0.4126915107310415,0.2356108671797587,0.8428096581321964,-0.5741427944165809,1.0018694613734118,0.2984925316838726
-0.8098627170154564,4.913507580182043,-0.14894167489895566,0.004622962068099205,3.310927509905858e-05,0.0014684356633743745,0.0017734898957342841,0.004398853869309054,0.02062863989643408,0.17325069433631024,0.01170582148769319,0.009751788697178198,0.015884375803187186,0.03471723967054279,0.005905842839541459,0.2305823266883108,0.15891034259088058,0.7542679996806773,-0.7276351570346028,0.3566580769715065,-0.8061237059941662
0.7615604252761236,5.3676213043158025,1.3521723094800864,0.0022118552071501937,9.999950000333332e-06,0.0011975711229878405,0.0013588318693308486,0.0035884194078409193,0.011754193371269548,0.09880041539915572,0.005940073461682082,0.007622537194477309,0.00885607249097225,0.017711968599889095,0.001345182830324372,1.75040893473173,-0.2739686843288814,0.4440380280954529,-1.0991679036100384,-0.3800210406409849,-1.644894941027563
-1.0891759292075847,4.879754917151123,-0.43016107996260994,0.003481741119697941,2.99995500089998e-05,0.0016424268489940417,0.0019224862823905432,0.004926470167500378,0.013875361437999488,0.12324644011092079,0.007015516471640797,0.008223572465468834,0.011316795263284926,0.020900601329646648,0.0042490261897830785,0.7140024559583877,-0.7248800107434996,0.7894722654653482,-0.11338715170825896,0.09328035830252905,-0.4483369793386007
1.1765803849478218,5.431894202544262,1.7611146102493735,0.0026520285374620946,9.999950000333332e-06,0.0015241235656158819,0.001476421048128852,0.004571766005231347,0.014946831455017058,0.12458381696482108,0.0079115103860152,0.00979575819296265,0.010903966131825052,0.023551882587147497,0.002665577523050822,1.0330820407474968,-1.5380589049745206,-0.249456680070909,-1.0171515029569898,-1.5945450829936576,-0.43008416976011693
-0.8659739379038554,4.9209210812472115,-0.24403997257195026,0.00421313819510281,2.99995500089998e-05,0.0014484260644314188,0.0017260310522922762,0.004330165778363075,0.02102306965860839,0.1749066866421097,0.011932489704704601,0.010230350216186564,0.016302460583920257,0.03538719165491364,0.004903153727346209,0.44979890600439576,0.5447494764143392,1.0905127892611057,-0.44628293484007286,0.5639994084452917,-1.2566633684199036
1.6418219019572797,5.509910878182413,2.1373558004851345,0.0029218399816228827,9.999950000333332e-06,0.0016530785244728387,0.0016547402514016443,0.00494636124689552,0.014756656312388509,0.1257019687814291,0.00838858351288466,0.0088052650523355,0.010507079873178372,0.02495809393781436,0.005982613619478116,0.1704612276480794,-0.6429957175192147,-1.6415690099326496,-0.7621881466451381,-0.4630939318709718,-0.7016106813959088
0.7577931750483835,5.37306479809785,1.356474969845561,0.0021523643324512743,9.999950000333332e-06,0.0011544481598642058,0.0013526725532178132,0.0034593539044955597,0.012257969443645308,0.10288949914001891,0.006217980057251633,0.007997878124020136,0.009241135745812635,0.018531670326833997,0.0012466278745274925,1.7426121582705982,-0.20293785894158411,0.43091406627967427,-0.9794744244321444,-0.3753327126703458,-1.982972842577518
1.7266601428594726,5.552258379576252,2.1440680461002253,0.0025417605327849595,9.999950000333332e-06,0.00140092564314701,0.0015104018420429234,0.004189800261536968,0.014918637581156913,0.12560226977127673,0.008422247148685098,0.0090692130904366,0.010667265459358534,0.025066632547898104,0.0049113699247668,0.3243313644973184,-0.3900020460527704,-1.642387130218217,-0.9558495555867638,-0.783885890321449,-0.16155452704247256
0.7599851257998693,5.369901141398796,1.3539714940870238,0.0021869791526980065,9.999950000333332e-06,0.0011795392098180374,0.001356256317011728,0.0035344518788871823,0.011964881392372532,0.10051232611927773,0.006056291255332682,0.007779505513391681,0.009017107160994731,0.018054813796312692,0.001303972634693566,1.7471486634109528,-0.24426669607055498,0.4385501605727313,-1.0491173193213776,-0.37806058668911496,-1.786264350822316
1.7578669721035147,5.553680086981503,2.164744439857533,0.0022378135259013697,9.561231488850028e-06,0.0011903211821332183,0.001430716528564642,0.0035611285628623667,0.015135689261768375,0.126120764843833,0.008458176148667113,0.009379285645884779,0.01092122725116482,0.02516408025987042,0.004652640645432141,0.39649778837388316,-0.2777706192456832,-1.5850477175421742,-0.9525268202155882,-1.1484429161681882,0.19422186651726844
-1.0183317666447724,4.858780517041335,-0.3901689743011308,0.0036160674426456334,3.228980687902914e-05,0.0017274426907800046,0.002257997511208723,0.0051734015894504375,0.017517096271444915,0.14726807044856982,0.008679322194453925,0.01061609561478851,0.01461805651538431,0.025822705332310895,0.005372320437560513,0.5121505492214671,-0.6691712681067086,0.4820096807433253,0.17199303021549198,-0.9490955594685918,-0.7946905623579007
1.2859589886269127,5.489445776290845,-0.44650741411272893,0.0027907918948994774,9.999950000333332e-06,0.0015043022780152813,0.0015239003179035762,0.004511050774249142,0.021351838265927747,0.17713446621243073,0.011881128194250632,0.013341034724212296,0.0149179997709937,0.03523299344134499,0.007411890894195717,0.36633794788114094,-0.7730027264687049,-1.2043108992597533,-0.7762677567360265,-1.044927858071663,0.1424881580275924
1.6693607490160525,5.515339196583982,2.1402054184520196,0.0025406283375583208,9.477222261605238e-06,0.0013944782522965242,0.0014739120353367897,0.00417761457151971,0.013256973827082139,0.11442391415863301,0.0073562896234907835,0.008225404986297556,0.009563450650778535,0.02190804280247587,0.004904991899722841,0.4197351941055218,-0.7096551824407854,-1.624164477621016,-0.882318710818435,-0.901008410901308,-0.5370773988903479
0.8974671974365843,5.533102523857933,-0.7391903689862878,0.005165168524837676,2.144894960246485e-05,0.0029825640319550207,0.0029125543080532803,0.008919700653516785,0.022438007060858876,0.19775108490368343,0.012414696286038461,0.01433157767473584,0.015846228484366492,0.03679658517010487,0.02873009550710709,-0.275860038656276,-0.45790407017026286,-0.66283304011758,-0.8263773645661548,-1.0462998581969676,0.23018260380897534
1.2811802176884919,5.449575074692568,1.6274525701053704,0.0026658485429769,9.999950000333332e-06,0.0015241758702110922,0.0014427715733814396,0.004575277296632127,0.016196199890442062,0.13476062646581247,0.00858953736707854,0.010928304908780844,0.011848693344076204,0.025560138502685608,0.0034431245523132343,0.6006028905523075,-1.1986265951900605,-0.4532182622419453,-0.8148483243878284,-1.3187591829858218,-0.0766742547335283
-0.7995935590181681,4.91147092102735,-0.28765269800021476,0.004515105950172633,3.9999200021332696e-05,0.0013457771207851738,0.001703652758943491,0.004031910170710843,0.020617682436242037,0.17365017829437854,0.011635015242801831,0.009822122347860961,0.016364644250191095,0.034506634642571185,0.004739539758857369,0.4275235956362444,0.16997501816978508,0.8878299564689255,-0.566159254328505,1.0283551907004223,0.3172870456834389
1.0073986022963646,5.475288451026823,-0.3754721256999842,0.002814464218022723,9.999950000333332e-06,0.0014711174189439662,0.0015191597840788433,0.004416518644964889,0.018620055117547957,0.15826549241415858,0.009838163134621866,0.012553672910678671,0.013799463678859678,0.029229102425725767,0.008594077640521254,0.5274045523311631,-1.4003153719857484,-0.7464223277533075,-0.8771911399970217,-1.6570748091730751,0.44059302173999115
1.3042440968706344,5.530316037464347,-0.6999860702205023,0.004277009127785263,1.7271642619046295e-05,0.002474995808441836,0.0024106148325796625,0.007403076999446953,0.024632242847967598,0.2076776925959551,0.014159262266312053,0.014718351456742676,0.016570072664239602,0.04189975425537393,0.019893562559101154,-0.19478886113349858,0.023971352010333832,-1.2960470035214542,-0.7120727667107047,-0.46338492276429133,-0.08543950259404148
0.7883298366038307,5.370857134622464,1.3788252480253902,0.002011095357835653,9.685597113376516e-06,0.0010697000304611827,0.0012580450948065835,0.0032088069187073153,0.011603630980909906,0.0978766513170553,0.005842208728740577,0.007545594901533338,0.008764181163187766,0.017415391033035618,0.001019727671185658,1.9022343188243418,-0.5696394705345154,0.4424129403799762,-1.1769495625293662,-0.4175040667680289,-2.257496433954311
-0.9585281537977332,4.866155348507441,-0.30782452128342236,0.004355755737896597,3.508509142262882e-05,0.0016885735568997599,0.0020769845044868764,0.005057190826762703,0.016542810869042298,0.1388024837253785,0.008606231489536736,0.008924063635570658,0.013733997517311337,0.025609377312207117,0.00628653797758986,0.3249911557386483,-0.09624444204886035,0.6040836475460378,-0.11783726528854083,-0.20126942545832693,-0.7025904881808823
1.0247851836657127,5.532282780224179,-0.7641921220465523,0.005348371351164771,2.8150933237282618e-05,0.0031414531238995545,0.0027857848239566485,0.009402982378413112,0.026377959112500925,0.2262918019243294,0.015374915766979507,0.016105915585890355,0.018126501120859295,0.04543325374290928,0.01656718132382208,-0.786011528503566,-0.4994649154454404,-0.6275720478491513,-0.1794950878514858,-0.9830846601301051,1.241718886919778
1.764811358495117,5.541157004694936,1.2627685385415206,0.002049824379396305,7.747846672805075e-06,0.0010690037493228065,0.0012065524138406096,0.003206073982671932,0.012663503152496416,0.10748151101789231,0.006747891026803156,0.0082085421722509,0.00940324417815029,0.020103674000428857,0.004082307182867846,0.7712244702794231,0.6964814926669217,-1.2667364413255267,-1.064742988014959,-0.37850175915455453,-0.5690255173410635
-0.8867964281201396,4.871057999740442,-0.2521013569632624,0.004663078536445789,3.41032477079936e-05,0.0014236584326158324,0.0017454596017648183,0.0042707803377849745,0.016395791018369257,0.1393147013748612,0.008952023609007473,0.007882154481735104,0.01403645282369196,0.026617438028780343,0.006148204616114455,0.23343703176573877,0.761551633236897,0.5564445860303644,-0.3383511014149533,0.7341874963181715,-0.6415815995677393
-0.8289241877939578,4.918506781078542,-0.17993868220395937,0.00431290846805261,2.99995500089998e-05,0.0013992426487953221,0.0016661666844433058,0.004184344034527761,0.021875210573061105,0.1824697418131293,0.012531598559294093,0.010304065760310335,0.016690381525805948,0.03714057010755499,0.004783430111803361,0.41687278455227883,0.5020581566828556,1.08700071015517,-0.6121297922065085,0.4968273668182581,-1.1770680521442
0.9908041614473463,5.48912627830906,-0.46479330021357224,0.0034592208174244517,1.4575857081511498e-05,0.0018892029562800697,0.0018386261222764647,0.005666878742587885,0.020436057688621664,0.1750268729904689,0.011127005093436724,0.013402686076641867,0.014846372076999733,0.0330163339894901,0.010799885497194866,0.20113786588464258,-1.2297836435705283,-0.6970697797020838,-0.7007074357750122,-1.5229987974296522,0.6663465536440377
-0.7803650016436735,4.929607670845339,-0.11841206363393567,0.00441796870902288,3.076932571773018e-05,0.0013936619729903587,0.0016870586825247463,0.004175172537590521,0.022195309035902475,0.1863487252226087,0.012787622744883036,0.010437478976168674,0.016446186057853588,0.037883253638587126,0.005072700150796971,0.3128715320289795,-0.1302247449978384,0.899300563056493,-0.8679413310770843,0.22494778026655288,-0.876218695235726
-0.4347476547575833,6.204154632218215,-0.8295512799578169,0.0051437790446049085,3.710179719067281e-05,0.0027592982514827225,0.0027103515978269413,0.008258031772750871,0.01956847081632731,0.17023455943654342,0.010417203426298642,0.011636826189858543,0.015907045081986915,0.030931601436469915,0.015052809358061251,-0.1491621200218593,0.4718430312918639,-0.8437594545765034,-0.24194950224675157,-0.725657439331338,0.13045342391696
1.342219820024755,5.484390593794217,-0.5805723309854227,0.0026574246845397762,9.999950000333332e-06,0.0015388154160169418,0.0015120806553725352,0.004601011308284724,0.01973774222738201,0.1598914616218567,0.010712464623152902,0.01308362258102379,0.013757955628006325,0.03180071227639635,0.0035181001284250823,0.5959606293661552,-0.3103925160996381,-0.7535516259330105,-1.0508386218823915,-1.2906637164495793,0.03405833069750966
0.951206227050063,5.648427952446889,-0.9959780952748027,0.005444246118077102,2.929654737539083e-05,0.0028194773098815383,0.0030465436021948774,0.008434695057934108,0.018261670327366447,0.16963131573528775,0.009932811617284555,0.011284564394052616,0.013477773022064436,0.0295065816128118,0.03820859167845396,-0.3989720781647306,-0.14641320793678378,-0.9932077717460814,0.3207795855123683,-0.24668608123788366,0.6449306171766052
1.3053600539957955,5.443295639037003,1.8844541807834285,0.0027336797307311138,9.808072280266236e-06,0.001591391775376817,0.0014568360809952042,0.004772730919821086,0.015002921840971012,0.12529891853655356,0.007995487894682034,0.00980188872742554,0.010848297605859033,0.023805089791770193,0.0029702403245414435,0.9286690155632833,-2.099021433340411,-0.416897002060567,-1.1599595094862054,-1.9135515113911417,0.05523410890188011
-0.829234481954807,4.902665762496399,-0.2315843903678439,0.004497162260918794,3.3665395749101076e-05,0.00138933888144689,0.0016512828299398465,0.004168546940013535,0.019611522085085015,0.16647001737526404,0.010948187773521925,0.009503405586404653,0.01587854742219645,0.032485274626850455,0.00468963761329058,0.44265930264802655,0.1412421081240733,0.9368895219091468,-0.478118584044258,0.7490208568689908,-0.49796896744002295
1.7156118123620945,5.525397681155377,2.1631090651010174,0.002217082107255907,9.128497744949964e-06,0.0011715786559103796,0.0013973019888813805,0.003510626201227261,0.013865907684427504,0.1175293198304693,0.007636649502099878,0.008747534011873111,0.010084881693058673,0.022729926828339225,0.004630807375302987,0.4749603368273493,-0.5175377741612509,-1.5672160728457762,-0.8954691073132922,-1.26279229969808,-0.0728261411257163
1.3212054925000905,5.481037867375728,-0.5331765749784321,0.002585609169780066,9.999950000333332e-06,0.0015035301057586626,0.0014872973532163187,0.004495824818055783,0.018570409647160658,0.15086562666881348,0.009941030982794096,0.012613113216819762,0.013105637140916561,0.02953335027009827,0.003238381007917903,0.60050189448215,-0.6354566198355053,-0.5920242453371584,-1.127589629813556,-1.6528643660653484,-0.038094702460311894
1.5679805265111233,5.506538467221418,2.074651957709972,0.0028431158553873185,9.813381789725381e-06,0.0016186130041729687,0.0015030476306741097,0.004848000428144172,0.01273963082629973,0.1119218128808569,0.007071136624799858,0.007831054221171795,0.009029118428561909,0.021074943469325327,0.004883348782464288,0.41139711469401447,-1.2054354488895838,-1.5427974730018705,-0.9471143324371977,-0.6316945828337307,-1.1547585749151104
1.217288729271464,5.44073095261369,1.5874698268504854,0.0025986025650256033,9.999950000333332e-06,0.001477006697793044,0.001429308361832539,0.0044333776604810705,0.01589473100866317,0.1322091490507238,0.008390807434939144,0.010718295265004257,0.011664180093240217,0.02497177163131067,0.0031575650271333617,0.7289519036612592,-1.0918884515756064,-0.3297997677113883,-0.8239432648736555,-1.2394533731221324,-0.27570025243647334
-1.0227621775588642,4.824700041918346,-0.40820167349308917,0.003771320528103967,3.539279608675989e-05,0.0017387165388533603,0.0023701220322026473,0.005207106408578531,0.017073150270550643,0.14439262699095903,0.008365370482452922,0.01083517935978622,0.015608582508331937,0.024889055633088995,0.006973583962977671,0.27900736596839487,0.31865958074877476,-0.08901269749911908,0.3107871487947081,-0.13591887437898897,-0.8135371360023639
1.0782560972085378,5.527133054958337,-0.6873786928065792,0.004999735372847712,2.6148461229289104e-05,0.0029302110379341977,0.0026238636927990054,0.008773003728224574,0.025251332536772978,0.21673182156633986,0.014657308727546272,0.015492348997510874,0.017395800859601577,0.04334458969674449,0.015305686251994311,-0.6955406762291257,-0.7656688494100652,-0.6381432010281044,-0.28740070869245665,-1.2246269746453542,1.0039830850811169
1.2191158552382462,5.440978171693886,1.5883740834776918,0.002600505055738933,9.999950000333332e-06,0.0014783822611871143,0.0014296258148484248,0.004437527329633088,0.01590794200254649,0.1323143685237563,0.008398758728846666,0.010728185056807442,0.011672873490539063,0.024995301973832207,0.003165346772726372,0.7249582933594524,-1.0955699954035456,-0.3327800788732008,-0.8236033011795589,-1.242883923029498,-0.268165421212339
-0.8346788798539441,4.911201720755822,-0.23411734112147223,0.00435456569251001,3.3179484304541466e-05,0.001377250807060654,0.0016749565462793954,0.004119283084016946,0.021134891156863327,0.17662532930084848,0.012025756453399537,0.009983298370395187,0.016487547833063745,0.03565850076020102,0.00476273995277493,0.43408812870342245,0.5877776612941957,1.0379867221040278,-0.5260827046943567,0.744687576684488,-0.743277205718999
-1.0007021156556628,5.156478212007278,-0.5909684115324922,0.003282077664688603,3.110003563415512e-05,0.0013358058562251004,0.0018928953999352007,0.004010940221596091,0.016027021920894897,0.13224904703487886,0.007168094873852484,0.009817533821573594,0.016685283245935573,0.021351957329278543,0.007055613950912827,0.24764956484105796,1.1020570163855399,-0.961288710955949,0.3732843798585425,-0.6649682054674401,-0.5446019162527759
